-177,31,Dgp3KSlmZmQOKjCZqUI/X0aQhQU=,qYOPLhV0aXIKAHJ3E/tAy2Q5++E=
-189,16,Dgp3KSlmZmQOKjCZqUI/X0aQhQU=,qYOPLhV0aXIKAHJ3E/tAy2Q5++E=
-178,31,Dgp3KSlmZmQOKjCZqUI/X0aQhQU=,qYOPLhV0aXIKAHJ3E/tAy2Q5++E=
-182,31,Dgp3KSlmZmQOKjCZqUI/X0aQhQU=,qYOPLhV0aXIKAHJ3E/tAy2Q5++E=
-179,18,Dgp3KSlmZmQOKjCZqUI/X0aQhQU=,qYOPLhV0aXIKAHJ3E/tAy2Q5++E=
-185,31,Dgp3KSlmZmQOKjCZqUI/X0aQhQU=,qYOPLhV0aXIKAHJ3E/tAy2Q5++E=
-190,31,Dgp3KSlmZmQOKjCZqUI/X0aQhQU=,qYOPLhV0aXIKAHJ3E/tAy2Q5++E=
-191,31,Dgp3KSlmZmQOKjCZqUI/X0aQhQU=,qYOPLhV0aXIKAHJ3E/tAy2Q5++E=
-191,17,Dgp3KSlmZmQOKjCZqUI/X0aQhQU=,qYOPLhV0aXIKAHJ3E/tAy2Q5++E=
-177,17,Dgp3KSlmZmQOKjCZqUI/X0aQhQU=,qYOPLhV0aXIKAHJ3E/tAy2Q5++E=
-178,17,Dgp3KSlmZmQOKjCZqUI/X0aQhQU=,qYOPLhV0aXIKAHJ3E/tAy2Q5++E=
-179,17,Dgp3KSlmZmQOKjCZqUI/X0aQhQU=,qYOPLhV0aXIKAHJ3E/tAy2Q5++E=
-180,17,Dgp3KSlmZmQOKjCZqUI/X0aQhQU=,qYOPLhV0aXIKAHJ3E/tAy2Q5++E=
-181,17,Dgp3KSlmZmQOKjCZqUI/X0aQhQU=,qYOPLhV0aXIKAHJ3E/tAy2Q5++E=
-182,17,Dgp3KSlmZmQOKjCZqUI/X0aQhQU=,qYOPLhV0aXIKAHJ3E/tAy2Q5++E=
-183,17,Dgp3KSlmZmQOKjCZqUI/X0aQhQU=,qYOPLhV0aXIKAHJ3E/tAy2Q5++E=
-184,17,Dgp3KSlmZmQOKjCZqUI/X0aQhQU=,qYOPLhV0aXIKAHJ3E/tAy2Q5++E=
-186,17,Dgp3KSlmZmQOKjCZqUI/X0aQhQU=,qYOPLhV0aXIKAHJ3E/tAy2Q5++E=
-185,17,Dgp3KSlmZmQOKjCZqUI/X0aQhQU=,qYOPLhV0aXIKAHJ3E/tAy2Q5++E=
-188,17,Dgp3KSlmZmQOKjCZqUI/X0aQhQU=,qYOPLhV0aXIKAHJ3E/tAy2Q5++E=
-187,17,Dgp3KSlmZmQOKjCZqUI/X0aQhQU=,qYOPLhV0aXIKAHJ3E/tAy2Q5++E=
-189,17,Dgp3KSlmZmQOKjCZqUI/X0aQhQU=,qYOPLhV0aXIKAHJ3E/tAy2Q5++E=
-192,31,Dgp3KSlmZmQOKjCZqUI/X0aQhQU=,qYOPLhV0aXIKAHJ3E/tAy2Q5++E=
-178,18,Dgp3KSlmZmQOKjCZqUI/X0aQhQU=,qYOPLhV0aXIKAHJ3E/tAy2Q5++E=
-184,31,Dgp3KSlmZmQOKjCZqUI/X0aQhQU=,qYOPLhV0aXIKAHJ3E/tAy2Q5++E=
-183,31,Dgp3KSlmZmQOKjCZqUI/X0aQhQU=,qYOPLhV0aXIKAHJ3E/tAy2Q5++E=
-190,16,Dgp3KSlmZmQOKjCZqUI/X0aQhQU=,qYOPLhV0aXIKAHJ3E/tAy2Q5++E=
-186,31,Dgp3KSlmZmQOKjCZqUI/X0aQhQU=,qYOPLhV0aXIKAHJ3E/tAy2Q5++E=
-190,17,Dgp3KSlmZmQOKjCZqUI/X0aQhQU=,qYOPLhV0aXIKAHJ3E/tAy2Q5++E=
-187,31,Dgp3KSlmZmQOKjCZqUI/X0aQhQU=,qYOPLhV0aXIKAHJ3E/tAy2Q5++E=
-177,18,Dgp3KSlmZmQOKjCZqUI/X0aQhQU=,qYOPLhV0aXIKAHJ3E/tAy2Q5++E=
-192,19,Dgp3KSlmZmQOKjCZqUI/X0aQhQU=,qYOPLhV0aXIKAHJ3E/tAy2Q5++E=
-191,19,Dgp3KSlmZmQOKjCZqUI/X0aQhQU=,qYOPLhV0aXIKAHJ3E/tAy2Q5++E=
-190,19,Dgp3KSlmZmQOKjCZqUI/X0aQhQU=,qYOPLhV0aXIKAHJ3E/tAy2Q5++E=
-192,18,Dgp3KSlmZmQOKjCZqUI/X0aQhQU=,qYOPLhV0aXIKAHJ3E/tAy2Q5++E=
-189,19,Dgp3KSlmZmQOKjCZqUI/X0aQhQU=,qYOPLhV0aXIKAHJ3E/tAy2Q5++E=
-188,16,Dgp3KSlmZmQOKjCZqUI/X0aQhQU=,qYOPLhV0aXIKAHJ3E/tAy2Q5++E=
-188,19,Dgp3KSlmZmQOKjCZqUI/X0aQhQU=,qYOPLhV0aXIKAHJ3E/tAy2Q5++E=
-187,19,Dgp3KSlmZmQOKjCZqUI/X0aQhQU=,qYOPLhV0aXIKAHJ3E/tAy2Q5++E=
-186,19,Dgp3KSlmZmQOKjCZqUI/X0aQhQU=,qYOPLhV0aXIKAHJ3E/tAy2Q5++E=
-184,19,Dgp3KSlmZmQOKjCZqUI/X0aQhQU=,qYOPLhV0aXIKAHJ3E/tAy2Q5++E=
-183,19,Dgp3KSlmZmQOKjCZqUI/X0aQhQU=,qYOPLhV0aXIKAHJ3E/tAy2Q5++E=
-185,19,Dgp3KSlmZmQOKjCZqUI/X0aQhQU=,qYOPLhV0aXIKAHJ3E/tAy2Q5++E=
-192,16,Dgp3KSlmZmQOKjCZqUI/X0aQhQU=,qYOPLhV0aXIKAHJ3E/tAy2Q5++E=
-179,31,Dgp3KSlmZmQOKjCZqUI/X0aQhQU=,qYOPLhV0aXIKAHJ3E/tAy2Q5++E=
-181,31,Dgp3KSlmZmQOKjCZqUI/X0aQhQU=,qYOPLhV0aXIKAHJ3E/tAy2Q5++E=
-188,31,Dgp3KSlmZmQOKjCZqUI/X0aQhQU=,qYOPLhV0aXIKAHJ3E/tAy2Q5++E=
-189,31,Dgp3KSlmZmQOKjCZqUI/X0aQhQU=,qYOPLhV0aXIKAHJ3E/tAy2Q5++E=
-180,31,Dgp3KSlmZmQOKjCZqUI/X0aQhQU=,qYOPLhV0aXIKAHJ3E/tAy2Q5++E=
-177,30,Dgp3KSlmZmQOKjCZqUI/X0aQhQU=,qYOPLhV0aXIKAHJ3E/tAy2Q5++E=
-182,19,Dgp3KSlmZmQOKjCZqUI/X0aQhQU=,qYOPLhV0aXIKAHJ3E/tAy2Q5++E=
-180,18,Dgp3KSlmZmQOKjCZqUI/X0aQhQU=,qYOPLhV0aXIKAHJ3E/tAy2Q5++E=
-181,30,Dgp3KSlmZmQOKjCZqUI/X0aQhQU=,qYOPLhV0aXIKAHJ3E/tAy2Q5++E=
-179,30,Dgp3KSlmZmQOKjCZqUI/X0aQhQU=,qYOPLhV0aXIKAHJ3E/tAy2Q5++E=
-182,30,Dgp3KSlmZmQOKjCZqUI/X0aQhQU=,qYOPLhV0aXIKAHJ3E/tAy2Q5++E=
-190,30,Dgp3KSlmZmQOKjCZqUI/X0aQhQU=,qYOPLhV0aXIKAHJ3E/tAy2Q5++E=
-191,30,Dgp3KSlmZmQOKjCZqUI/X0aQhQU=,qYOPLhV0aXIKAHJ3E/tAy2Q5++E=
-192,30,Dgp3KSlmZmQOKjCZqUI/X0aQhQU=,qYOPLhV0aXIKAHJ3E/tAy2Q5++E=
-178,30,Dgp3KSlmZmQOKjCZqUI/X0aQhQU=,qYOPLhV0aXIKAHJ3E/tAy2Q5++E=
-192,17,Dgp3KSlmZmQOKjCZqUI/X0aQhQU=,qYOPLhV0aXIKAHJ3E/tAy2Q5++E=
-183,30,Dgp3KSlmZmQOKjCZqUI/X0aQhQU=,qYOPLhV0aXIKAHJ3E/tAy2Q5++E=
-177,16,Dgp3KSlmZmQOKjCZqUI/X0aQhQU=,qYOPLhV0aXIKAHJ3E/tAy2Q5++E=
-184,30,Dgp3KSlmZmQOKjCZqUI/X0aQhQU=,qYOPLhV0aXIKAHJ3E/tAy2Q5++E=
-180,30,Dgp3KSlmZmQOKjCZqUI/X0aQhQU=,qYOPLhV0aXIKAHJ3E/tAy2Q5++E=
-185,30,Dgp3KSlmZmQOKjCZqUI/X0aQhQU=,qYOPLhV0aXIKAHJ3E/tAy2Q5++E=
-186,30,Dgp3KSlmZmQOKjCZqUI/X0aQhQU=,qYOPLhV0aXIKAHJ3E/tAy2Q5++E=
-181,18,Dgp3KSlmZmQOKjCZqUI/X0aQhQU=,qYOPLhV0aXIKAHJ3E/tAy2Q5++E=
-189,30,Dgp3KSlmZmQOKjCZqUI/X0aQhQU=,qYOPLhV0aXIKAHJ3E/tAy2Q5++E=
-181,19,Dgp3KSlmZmQOKjCZqUI/X0aQhQU=,qYOPLhV0aXIKAHJ3E/tAy2Q5++E=
-187,30,Dgp3KSlmZmQOKjCZqUI/X0aQhQU=,qYOPLhV0aXIKAHJ3E/tAy2Q5++E=
-188,30,Dgp3KSlmZmQOKjCZqUI/X0aQhQU=,qYOPLhV0aXIKAHJ3E/tAy2Q5++E=
-178,29,Dgp3KSlmZmQOKjCZqUI/X0aQhQU=,qYOPLhV0aXIKAHJ3E/tAy2Q5++E=
-179,29,Dgp3KSlmZmQOKjCZqUI/X0aQhQU=,qYOPLhV0aXIKAHJ3E/tAy2Q5++E=
-177,29,Dgp3KSlmZmQOKjCZqUI/X0aQhQU=,qYOPLhV0aXIKAHJ3E/tAy2Q5++E=
-190,29,Dgp3KSlmZmQOKjCZqUI/X0aQhQU=,qYOPLhV0aXIKAHJ3E/tAy2Q5++E=
-182,29,Dgp3KSlmZmQOKjCZqUI/X0aQhQU=,qYOPLhV0aXIKAHJ3E/tAy2Q5++E=
-191,29,Dgp3KSlmZmQOKjCZqUI/X0aQhQU=,qYOPLhV0aXIKAHJ3E/tAy2Q5++E=
-191,16,Dgp3KSlmZmQOKjCZqUI/X0aQhQU=,qYOPLhV0aXIKAHJ3E/tAy2Q5++E=
-184,29,Dgp3KSlmZmQOKjCZqUI/X0aQhQU=,qYOPLhV0aXIKAHJ3E/tAy2Q5++E=
-192,29,Dgp3KSlmZmQOKjCZqUI/X0aQhQU=,qYOPLhV0aXIKAHJ3E/tAy2Q5++E=
-189,29,Dgp3KSlmZmQOKjCZqUI/X0aQhQU=,qYOPLhV0aXIKAHJ3E/tAy2Q5++E=
-180,19,Dgp3KSlmZmQOKjCZqUI/X0aQhQU=,qYOPLhV0aXIKAHJ3E/tAy2Q5++E=
-180,29,Dgp3KSlmZmQOKjCZqUI/X0aQhQU=,qYOPLhV0aXIKAHJ3E/tAy2Q5++E=
-178,16,Dgp3KSlmZmQOKjCZqUI/X0aQhQU=,qYOPLhV0aXIKAHJ3E/tAy2Q5++E=
-181,29,Dgp3KSlmZmQOKjCZqUI/X0aQhQU=,qYOPLhV0aXIKAHJ3E/tAy2Q5++E=
-182,18,Dgp3KSlmZmQOKjCZqUI/X0aQhQU=,qYOPLhV0aXIKAHJ3E/tAy2Q5++E=
-187,29,Dgp3KSlmZmQOKjCZqUI/X0aQhQU=,qYOPLhV0aXIKAHJ3E/tAy2Q5++E=
-177,28,Dgp3KSlmZmQOKjCZqUI/X0aQhQU=,qYOPLhV0aXIKAHJ3E/tAy2Q5++E=
-183,29,Dgp3KSlmZmQOKjCZqUI/X0aQhQU=,qYOPLhV0aXIKAHJ3E/tAy2Q5++E=
-185,29,Dgp3KSlmZmQOKjCZqUI/X0aQhQU=,qYOPLhV0aXIKAHJ3E/tAy2Q5++E=
-186,29,Dgp3KSlmZmQOKjCZqUI/X0aQhQU=,qYOPLhV0aXIKAHJ3E/tAy2Q5++E=
-178,28,Dgp3KSlmZmQOKjCZqUI/X0aQhQU=,qYOPLhV0aXIKAHJ3E/tAy2Q5++E=
-188,29,Dgp3KSlmZmQOKjCZqUI/X0aQhQU=,qYOPLhV0aXIKAHJ3E/tAy2Q5++E=
-183,28,Dgp3KSlmZmQOKjCZqUI/X0aQhQU=,qYOPLhV0aXIKAHJ3E/tAy2Q5++E=
-179,28,Dgp3KSlmZmQOKjCZqUI/X0aQhQU=,qYOPLhV0aXIKAHJ3E/tAy2Q5++E=
-190,28,Dgp3KSlmZmQOKjCZqUI/X0aQhQU=,qYOPLhV0aXIKAHJ3E/tAy2Q5++E=
-191,28,Dgp3KSlmZmQOKjCZqUI/X0aQhQU=,qYOPLhV0aXIKAHJ3E/tAy2Q5++E=
-192,28,Dgp3KSlmZmQOKjCZqUI/X0aQhQU=,qYOPLhV0aXIKAHJ3E/tAy2Q5++E=
-180,28,Dgp3KSlmZmQOKjCZqUI/X0aQhQU=,qYOPLhV0aXIKAHJ3E/tAy2Q5++E=
-189,28,Dgp3KSlmZmQOKjCZqUI/X0aQhQU=,qYOPLhV0aXIKAHJ3E/tAy2Q5++E=
-179,19,Dgp3KSlmZmQOKjCZqUI/X0aQhQU=,qYOPLhV0aXIKAHJ3E/tAy2Q5++E=
-181,28,Dgp3KSlmZmQOKjCZqUI/X0aQhQU=,qYOPLhV0aXIKAHJ3E/tAy2Q5++E=
-184,28,Dgp3KSlmZmQOKjCZqUI/X0aQhQU=,qYOPLhV0aXIKAHJ3E/tAy2Q5++E=
-179,16,Dgp3KSlmZmQOKjCZqUI/X0aQhQU=,qYOPLhV0aXIKAHJ3E/tAy2Q5++E=
-187,28,Dgp3KSlmZmQOKjCZqUI/X0aQhQU=,qYOPLhV0aXIKAHJ3E/tAy2Q5++E=
-183,18,Dgp3KSlmZmQOKjCZqUI/X0aQhQU=,qYOPLhV0aXIKAHJ3E/tAy2Q5++E=
-188,28,Dgp3KSlmZmQOKjCZqUI/X0aQhQU=,qYOPLhV0aXIKAHJ3E/tAy2Q5++E=
-186,28,Dgp3KSlmZmQOKjCZqUI/X0aQhQU=,qYOPLhV0aXIKAHJ3E/tAy2Q5++E=
-184,27,Dgp3KSlmZmQOKjCZqUI/X0aQhQU=,qYOPLhV0aXIKAHJ3E/tAy2Q5++E=
-179,27,Dgp3KSlmZmQOKjCZqUI/X0aQhQU=,qYOPLhV0aXIKAHJ3E/tAy2Q5++E=
-177,27,Dgp3KSlmZmQOKjCZqUI/X0aQhQU=,qYOPLhV0aXIKAHJ3E/tAy2Q5++E=
-185,28,Dgp3KSlmZmQOKjCZqUI/X0aQhQU=,qYOPLhV0aXIKAHJ3E/tAy2Q5++E=
-186,27,Dgp3KSlmZmQOKjCZqUI/X0aQhQU=,qYOPLhV0aXIKAHJ3E/tAy2Q5++E=
-190,27,Dgp3KSlmZmQOKjCZqUI/X0aQhQU=,qYOPLhV0aXIKAHJ3E/tAy2Q5++E=
-189,27,Dgp3KSlmZmQOKjCZqUI/X0aQhQU=,qYOPLhV0aXIKAHJ3E/tAy2Q5++E=
-191,27,Dgp3KSlmZmQOKjCZqUI/X0aQhQU=,qYOPLhV0aXIKAHJ3E/tAy2Q5++E=
-192,27,Dgp3KSlmZmQOKjCZqUI/X0aQhQU=,qYOPLhV0aXIKAHJ3E/tAy2Q5++E=
-178,19,Dgp3KSlmZmQOKjCZqUI/X0aQhQU=,qYOPLhV0aXIKAHJ3E/tAy2Q5++E=
-185,27,Dgp3KSlmZmQOKjCZqUI/X0aQhQU=,qYOPLhV0aXIKAHJ3E/tAy2Q5++E=
-178,27,Dgp3KSlmZmQOKjCZqUI/X0aQhQU=,qYOPLhV0aXIKAHJ3E/tAy2Q5++E=
-188,27,Dgp3KSlmZmQOKjCZqUI/X0aQhQU=,qYOPLhV0aXIKAHJ3E/tAy2Q5++E=
-183,27,Dgp3KSlmZmQOKjCZqUI/X0aQhQU=,qYOPLhV0aXIKAHJ3E/tAy2Q5++E=
-187,27,Dgp3KSlmZmQOKjCZqUI/X0aQhQU=,qYOPLhV0aXIKAHJ3E/tAy2Q5++E=
-180,16,Dgp3KSlmZmQOKjCZqUI/X0aQhQU=,qYOPLhV0aXIKAHJ3E/tAy2Q5++E=
-181,27,Dgp3KSlmZmQOKjCZqUI/X0aQhQU=,qYOPLhV0aXIKAHJ3E/tAy2Q5++E=
-184,18,Dgp3KSlmZmQOKjCZqUI/X0aQhQU=,qYOPLhV0aXIKAHJ3E/tAy2Q5++E=
-182,27,Dgp3KSlmZmQOKjCZqUI/X0aQhQU=,qYOPLhV0aXIKAHJ3E/tAy2Q5++E=
-177,26,Dgp3KSlmZmQOKjCZqUI/X0aQhQU=,qYOPLhV0aXIKAHJ3E/tAy2Q5++E=
-185,26,Dgp3KSlmZmQOKjCZqUI/X0aQhQU=,qYOPLhV0aXIKAHJ3E/tAy2Q5++E=
-186,26,Dgp3KSlmZmQOKjCZqUI/X0aQhQU=,qYOPLhV0aXIKAHJ3E/tAy2Q5++E=
-187,26,Dgp3KSlmZmQOKjCZqUI/X0aQhQU=,qYOPLhV0aXIKAHJ3E/tAy2Q5++E=
-188,26,Dgp3KSlmZmQOKjCZqUI/X0aQhQU=,qYOPLhV0aXIKAHJ3E/tAy2Q5++E=
-189,26,Dgp3KSlmZmQOKjCZqUI/X0aQhQU=,qYOPLhV0aXIKAHJ3E/tAy2Q5++E=
-190,26,Dgp3KSlmZmQOKjCZqUI/X0aQhQU=,qYOPLhV0aXIKAHJ3E/tAy2Q5++E=
-191,26,Dgp3KSlmZmQOKjCZqUI/X0aQhQU=,qYOPLhV0aXIKAHJ3E/tAy2Q5++E=
-192,26,Dgp3KSlmZmQOKjCZqUI/X0aQhQU=,qYOPLhV0aXIKAHJ3E/tAy2Q5++E=
-178,26,Dgp3KSlmZmQOKjCZqUI/X0aQhQU=,qYOPLhV0aXIKAHJ3E/tAy2Q5++E=
-179,26,Dgp3KSlmZmQOKjCZqUI/X0aQhQU=,qYOPLhV0aXIKAHJ3E/tAy2Q5++E=
-177,19,Dgp3KSlmZmQOKjCZqUI/X0aQhQU=,qYOPLhV0aXIKAHJ3E/tAy2Q5++E=
-191,18,Dgp3KSlmZmQOKjCZqUI/X0aQhQU=,qYOPLhV0aXIKAHJ3E/tAy2Q5++E=
-192,20,Dgp3KSlmZmQOKjCZqUI/X0aQhQU=,qYOPLhV0aXIKAHJ3E/tAy2Q5++E=
-191,20,Dgp3KSlmZmQOKjCZqUI/X0aQhQU=,qYOPLhV0aXIKAHJ3E/tAy2Q5++E=
-190,20,Dgp3KSlmZmQOKjCZqUI/X0aQhQU=,qYOPLhV0aXIKAHJ3E/tAy2Q5++E=
-189,20,Dgp3KSlmZmQOKjCZqUI/X0aQhQU=,qYOPLhV0aXIKAHJ3E/tAy2Q5++E=
-190,18,Dgp3KSlmZmQOKjCZqUI/X0aQhQU=,qYOPLhV0aXIKAHJ3E/tAy2Q5++E=
-187,16,Dgp3KSlmZmQOKjCZqUI/X0aQhQU=,qYOPLhV0aXIKAHJ3E/tAy2Q5++E=
-188,20,Dgp3KSlmZmQOKjCZqUI/X0aQhQU=,qYOPLhV0aXIKAHJ3E/tAy2Q5++E=
-187,20,Dgp3KSlmZmQOKjCZqUI/X0aQhQU=,qYOPLhV0aXIKAHJ3E/tAy2Q5++E=
-186,20,Dgp3KSlmZmQOKjCZqUI/X0aQhQU=,qYOPLhV0aXIKAHJ3E/tAy2Q5++E=
-185,20,Dgp3KSlmZmQOKjCZqUI/X0aQhQU=,qYOPLhV0aXIKAHJ3E/tAy2Q5++E=
-184,20,Dgp3KSlmZmQOKjCZqUI/X0aQhQU=,qYOPLhV0aXIKAHJ3E/tAy2Q5++E=
-181,26,Dgp3KSlmZmQOKjCZqUI/X0aQhQU=,qYOPLhV0aXIKAHJ3E/tAy2Q5++E=
-184,26,Dgp3KSlmZmQOKjCZqUI/X0aQhQU=,qYOPLhV0aXIKAHJ3E/tAy2Q5++E=
-183,26,Dgp3KSlmZmQOKjCZqUI/X0aQhQU=,qYOPLhV0aXIKAHJ3E/tAy2Q5++E=
-180,27,Dgp3KSlmZmQOKjCZqUI/X0aQhQU=,qYOPLhV0aXIKAHJ3E/tAy2Q5++E=
-182,26,Dgp3KSlmZmQOKjCZqUI/X0aQhQU=,qYOPLhV0aXIKAHJ3E/tAy2Q5++E=
-181,16,Dgp3KSlmZmQOKjCZqUI/X0aQhQU=,qYOPLhV0aXIKAHJ3E/tAy2Q5++E=
-183,20,Dgp3KSlmZmQOKjCZqUI/X0aQhQU=,qYOPLhV0aXIKAHJ3E/tAy2Q5++E=
-177,25,Dgp3KSlmZmQOKjCZqUI/X0aQhQU=,qYOPLhV0aXIKAHJ3E/tAy2Q5++E=
-186,25,Dgp3KSlmZmQOKjCZqUI/X0aQhQU=,qYOPLhV0aXIKAHJ3E/tAy2Q5++E=
-178,25,Dgp3KSlmZmQOKjCZqUI/X0aQhQU=,qYOPLhV0aXIKAHJ3E/tAy2Q5++E=
-187,25,Dgp3KSlmZmQOKjCZqUI/X0aQhQU=,qYOPLhV0aXIKAHJ3E/tAy2Q5++E=
-185,18,Dgp3KSlmZmQOKjCZqUI/X0aQhQU=,qYOPLhV0aXIKAHJ3E/tAy2Q5++E=
-188,25,Dgp3KSlmZmQOKjCZqUI/X0aQhQU=,qYOPLhV0aXIKAHJ3E/tAy2Q5++E=
-189,25,Dgp3KSlmZmQOKjCZqUI/X0aQhQU=,qYOPLhV0aXIKAHJ3E/tAy2Q5++E=
-190,25,Dgp3KSlmZmQOKjCZqUI/X0aQhQU=,qYOPLhV0aXIKAHJ3E/tAy2Q5++E=
-192,25,Dgp3KSlmZmQOKjCZqUI/X0aQhQU=,qYOPLhV0aXIKAHJ3E/tAy2Q5++E=
-191,25,Dgp3KSlmZmQOKjCZqUI/X0aQhQU=,qYOPLhV0aXIKAHJ3E/tAy2Q5++E=
-179,25,Dgp3KSlmZmQOKjCZqUI/X0aQhQU=,qYOPLhV0aXIKAHJ3E/tAy2Q5++E=
-180,25,Dgp3KSlmZmQOKjCZqUI/X0aQhQU=,qYOPLhV0aXIKAHJ3E/tAy2Q5++E=
-180,26,Dgp3KSlmZmQOKjCZqUI/X0aQhQU=,qYOPLhV0aXIKAHJ3E/tAy2Q5++E=
-185,25,Dgp3KSlmZmQOKjCZqUI/X0aQhQU=,qYOPLhV0aXIKAHJ3E/tAy2Q5++E=
-182,25,Dgp3KSlmZmQOKjCZqUI/X0aQhQU=,qYOPLhV0aXIKAHJ3E/tAy2Q5++E=
-182,20,Dgp3KSlmZmQOKjCZqUI/X0aQhQU=,qYOPLhV0aXIKAHJ3E/tAy2Q5++E=
-181,25,Dgp3KSlmZmQOKjCZqUI/X0aQhQU=,qYOPLhV0aXIKAHJ3E/tAy2Q5++E=
-182,16,Dgp3KSlmZmQOKjCZqUI/X0aQhQU=,qYOPLhV0aXIKAHJ3E/tAy2Q5++E=
-177,24,Dgp3KSlmZmQOKjCZqUI/X0aQhQU=,qYOPLhV0aXIKAHJ3E/tAy2Q5++E=
-186,18,Dgp3KSlmZmQOKjCZqUI/X0aQhQU=,qYOPLhV0aXIKAHJ3E/tAy2Q5++E=
-183,25,Dgp3KSlmZmQOKjCZqUI/X0aQhQU=,qYOPLhV0aXIKAHJ3E/tAy2Q5++E=
-181,24,Dgp3KSlmZmQOKjCZqUI/X0aQhQU=,qYOPLhV0aXIKAHJ3E/tAy2Q5++E=
-186,24,Dgp3KSlmZmQOKjCZqUI/X0aQhQU=,qYOPLhV0aXIKAHJ3E/tAy2Q5++E=
-187,24,Dgp3KSlmZmQOKjCZqUI/X0aQhQU=,qYOPLhV0aXIKAHJ3E/tAy2Q5++E=
-188,24,Dgp3KSlmZmQOKjCZqUI/X0aQhQU=,qYOPLhV0aXIKAHJ3E/tAy2Q5++E=
-189,24,Dgp3KSlmZmQOKjCZqUI/X0aQhQU=,qYOPLhV0aXIKAHJ3E/tAy2Q5++E=
-190,24,Dgp3KSlmZmQOKjCZqUI/X0aQhQU=,qYOPLhV0aXIKAHJ3E/tAy2Q5++E=
-191,24,Dgp3KSlmZmQOKjCZqUI/X0aQhQU=,qYOPLhV0aXIKAHJ3E/tAy2Q5++E=
-192,24,Dgp3KSlmZmQOKjCZqUI/X0aQhQU=,qYOPLhV0aXIKAHJ3E/tAy2Q5++E=
-182,28,Dgp3KSlmZmQOKjCZqUI/X0aQhQU=,qYOPLhV0aXIKAHJ3E/tAy2Q5++E=
-182,24,Dgp3KSlmZmQOKjCZqUI/X0aQhQU=,qYOPLhV0aXIKAHJ3E/tAy2Q5++E=
-185,24,Dgp3KSlmZmQOKjCZqUI/X0aQhQU=,qYOPLhV0aXIKAHJ3E/tAy2Q5++E=
-178,24,Dgp3KSlmZmQOKjCZqUI/X0aQhQU=,qYOPLhV0aXIKAHJ3E/tAy2Q5++E=
-181,20,Dgp3KSlmZmQOKjCZqUI/X0aQhQU=,qYOPLhV0aXIKAHJ3E/tAy2Q5++E=
-183,24,Dgp3KSlmZmQOKjCZqUI/X0aQhQU=,qYOPLhV0aXIKAHJ3E/tAy2Q5++E=
-180,24,Dgp3KSlmZmQOKjCZqUI/X0aQhQU=,qYOPLhV0aXIKAHJ3E/tAy2Q5++E=
-184,25,Dgp3KSlmZmQOKjCZqUI/X0aQhQU=,qYOPLhV0aXIKAHJ3E/tAy2Q5++E=
-184,24,Dgp3KSlmZmQOKjCZqUI/X0aQhQU=,qYOPLhV0aXIKAHJ3E/tAy2Q5++E=
-183,16,Dgp3KSlmZmQOKjCZqUI/X0aQhQU=,qYOPLhV0aXIKAHJ3E/tAy2Q5++E=
-187,18,Dgp3KSlmZmQOKjCZqUI/X0aQhQU=,qYOPLhV0aXIKAHJ3E/tAy2Q5++E=
-177,23,Dgp3KSlmZmQOKjCZqUI/X0aQhQU=,qYOPLhV0aXIKAHJ3E/tAy2Q5++E=
-186,23,Dgp3KSlmZmQOKjCZqUI/X0aQhQU=,qYOPLhV0aXIKAHJ3E/tAy2Q5++E=
-188,23,Dgp3KSlmZmQOKjCZqUI/X0aQhQU=,qYOPLhV0aXIKAHJ3E/tAy2Q5++E=
-189,23,Dgp3KSlmZmQOKjCZqUI/X0aQhQU=,qYOPLhV0aXIKAHJ3E/tAy2Q5++E=
-190,23,Dgp3KSlmZmQOKjCZqUI/X0aQhQU=,qYOPLhV0aXIKAHJ3E/tAy2Q5++E=
-191,23,Dgp3KSlmZmQOKjCZqUI/X0aQhQU=,qYOPLhV0aXIKAHJ3E/tAy2Q5++E=
-192,23,Dgp3KSlmZmQOKjCZqUI/X0aQhQU=,qYOPLhV0aXIKAHJ3E/tAy2Q5++E=
-179,23,Dgp3KSlmZmQOKjCZqUI/X0aQhQU=,qYOPLhV0aXIKAHJ3E/tAy2Q5++E=
-187,23,Dgp3KSlmZmQOKjCZqUI/X0aQhQU=,qYOPLhV0aXIKAHJ3E/tAy2Q5++E=
-180,20,Dgp3KSlmZmQOKjCZqUI/X0aQhQU=,qYOPLhV0aXIKAHJ3E/tAy2Q5++E=
-181,23,Dgp3KSlmZmQOKjCZqUI/X0aQhQU=,qYOPLhV0aXIKAHJ3E/tAy2Q5++E=
-183,23,Dgp3KSlmZmQOKjCZqUI/X0aQhQU=,qYOPLhV0aXIKAHJ3E/tAy2Q5++E=
-180,23,Dgp3KSlmZmQOKjCZqUI/X0aQhQU=,qYOPLhV0aXIKAHJ3E/tAy2Q5++E=
-185,23,Dgp3KSlmZmQOKjCZqUI/X0aQhQU=,qYOPLhV0aXIKAHJ3E/tAy2Q5++E=
-184,23,Dgp3KSlmZmQOKjCZqUI/X0aQhQU=,qYOPLhV0aXIKAHJ3E/tAy2Q5++E=
-180,22,Dgp3KSlmZmQOKjCZqUI/X0aQhQU=,qYOPLhV0aXIKAHJ3E/tAy2Q5++E=
-184,22,Dgp3KSlmZmQOKjCZqUI/X0aQhQU=,qYOPLhV0aXIKAHJ3E/tAy2Q5++E=
-185,22,Dgp3KSlmZmQOKjCZqUI/X0aQhQU=,qYOPLhV0aXIKAHJ3E/tAy2Q5++E=
-184,16,Dgp3KSlmZmQOKjCZqUI/X0aQhQU=,qYOPLhV0aXIKAHJ3E/tAy2Q5++E=
-186,22,Dgp3KSlmZmQOKjCZqUI/X0aQhQU=,qYOPLhV0aXIKAHJ3E/tAy2Q5++E=
-188,18,Dgp3KSlmZmQOKjCZqUI/X0aQhQU=,qYOPLhV0aXIKAHJ3E/tAy2Q5++E=
-187,22,Dgp3KSlmZmQOKjCZqUI/X0aQhQU=,qYOPLhV0aXIKAHJ3E/tAy2Q5++E=
-188,22,Dgp3KSlmZmQOKjCZqUI/X0aQhQU=,qYOPLhV0aXIKAHJ3E/tAy2Q5++E=
-189,22,Dgp3KSlmZmQOKjCZqUI/X0aQhQU=,qYOPLhV0aXIKAHJ3E/tAy2Q5++E=
-190,22,Dgp3KSlmZmQOKjCZqUI/X0aQhQU=,qYOPLhV0aXIKAHJ3E/tAy2Q5++E=
-191,22,Dgp3KSlmZmQOKjCZqUI/X0aQhQU=,qYOPLhV0aXIKAHJ3E/tAy2Q5++E=
-192,22,Dgp3KSlmZmQOKjCZqUI/X0aQhQU=,qYOPLhV0aXIKAHJ3E/tAy2Q5++E=
-178,23,Dgp3KSlmZmQOKjCZqUI/X0aQhQU=,qYOPLhV0aXIKAHJ3E/tAy2Q5++E=
-179,20,Dgp3KSlmZmQOKjCZqUI/X0aQhQU=,qYOPLhV0aXIKAHJ3E/tAy2Q5++E=
-179,22,Dgp3KSlmZmQOKjCZqUI/X0aQhQU=,qYOPLhV0aXIKAHJ3E/tAy2Q5++E=
-178,22,Dgp3KSlmZmQOKjCZqUI/X0aQhQU=,qYOPLhV0aXIKAHJ3E/tAy2Q5++E=
-182,23,Dgp3KSlmZmQOKjCZqUI/X0aQhQU=,qYOPLhV0aXIKAHJ3E/tAy2Q5++E=
-177,22,Dgp3KSlmZmQOKjCZqUI/X0aQhQU=,qYOPLhV0aXIKAHJ3E/tAy2Q5++E=
-181,22,Dgp3KSlmZmQOKjCZqUI/X0aQhQU=,qYOPLhV0aXIKAHJ3E/tAy2Q5++E=
-180,21,Dgp3KSlmZmQOKjCZqUI/X0aQhQU=,qYOPLhV0aXIKAHJ3E/tAy2Q5++E=
-184,21,Dgp3KSlmZmQOKjCZqUI/X0aQhQU=,qYOPLhV0aXIKAHJ3E/tAy2Q5++E=
-186,21,Dgp3KSlmZmQOKjCZqUI/X0aQhQU=,qYOPLhV0aXIKAHJ3E/tAy2Q5++E=
-185,21,Dgp3KSlmZmQOKjCZqUI/X0aQhQU=,qYOPLhV0aXIKAHJ3E/tAy2Q5++E=
-185,16,Dgp3KSlmZmQOKjCZqUI/X0aQhQU=,qYOPLhV0aXIKAHJ3E/tAy2Q5++E=
-187,21,Dgp3KSlmZmQOKjCZqUI/X0aQhQU=,qYOPLhV0aXIKAHJ3E/tAy2Q5++E=
-189,18,Dgp3KSlmZmQOKjCZqUI/X0aQhQU=,qYOPLhV0aXIKAHJ3E/tAy2Q5++E=
-188,21,Dgp3KSlmZmQOKjCZqUI/X0aQhQU=,qYOPLhV0aXIKAHJ3E/tAy2Q5++E=
-189,21,Dgp3KSlmZmQOKjCZqUI/X0aQhQU=,qYOPLhV0aXIKAHJ3E/tAy2Q5++E=
-190,21,Dgp3KSlmZmQOKjCZqUI/X0aQhQU=,qYOPLhV0aXIKAHJ3E/tAy2Q5++E=
-191,21,Dgp3KSlmZmQOKjCZqUI/X0aQhQU=,qYOPLhV0aXIKAHJ3E/tAy2Q5++E=
-183,22,Dgp3KSlmZmQOKjCZqUI/X0aQhQU=,qYOPLhV0aXIKAHJ3E/tAy2Q5++E=
-192,21,Dgp3KSlmZmQOKjCZqUI/X0aQhQU=,qYOPLhV0aXIKAHJ3E/tAy2Q5++E=
-179,24,Dgp3KSlmZmQOKjCZqUI/X0aQhQU=,qYOPLhV0aXIKAHJ3E/tAy2Q5++E=
-186,16,Dgp3KSlmZmQOKjCZqUI/X0aQhQU=,qYOPLhV0aXIKAHJ3E/tAy2Q5++E=
-182,22,Dgp3KSlmZmQOKjCZqUI/X0aQhQU=,qYOPLhV0aXIKAHJ3E/tAy2Q5++E=
-177,21,Dgp3KSlmZmQOKjCZqUI/X0aQhQU=,qYOPLhV0aXIKAHJ3E/tAy2Q5++E=
-181,21,Dgp3KSlmZmQOKjCZqUI/X0aQhQU=,qYOPLhV0aXIKAHJ3E/tAy2Q5++E=
-179,21,Dgp3KSlmZmQOKjCZqUI/X0aQhQU=,qYOPLhV0aXIKAHJ3E/tAy2Q5++E=
-178,20,Dgp3KSlmZmQOKjCZqUI/X0aQhQU=,qYOPLhV0aXIKAHJ3E/tAy2Q5++E=
-183,21,Dgp3KSlmZmQOKjCZqUI/X0aQhQU=,qYOPLhV0aXIKAHJ3E/tAy2Q5++E=
-178,21,Dgp3KSlmZmQOKjCZqUI/X0aQhQU=,qYOPLhV0aXIKAHJ3E/tAy2Q5++E=
-182,21,Dgp3KSlmZmQOKjCZqUI/X0aQhQU=,qYOPLhV0aXIKAHJ3E/tAy2Q5++E=
-177,20,Dgp3KSlmZmQOKjCZqUI/X0aQhQU=,qYOPLhV0aXIKAHJ3E/tAy2Q5++E=
-173,16,Wa19cAGj5oK40bts/Yj9OEspea4=,/EF+nFxou0WTjI1C9UXb0Wa1+AA=
-161,31,Wa19cAGj5oK40bts/Yj9OEspea4=,/EF+nFxou0WTjI1C9UXb0Wa1+AA=
-161,17,Wa19cAGj5oK40bts/Yj9OEspea4=,/EF+nFxou0WTjI1C9UXb0Wa1+AA=
-164,18,Wa19cAGj5oK40bts/Yj9OEspea4=,/EF+nFxou0WTjI1C9UXb0Wa1+AA=
-166,18,Wa19cAGj5oK40bts/Yj9OEspea4=,/EF+nFxou0WTjI1C9UXb0Wa1+AA=
-167,18,Wa19cAGj5oK40bts/Yj9OEspea4=,/EF+nFxou0WTjI1C9UXb0Wa1+AA=
-165,18,Wa19cAGj5oK40bts/Yj9OEspea4=,/EF+nFxou0WTjI1C9UXb0Wa1+AA=
-169,18,Wa19cAGj5oK40bts/Yj9OEspea4=,/EF+nFxou0WTjI1C9UXb0Wa1+AA=
-168,18,Wa19cAGj5oK40bts/Yj9OEspea4=,/EF+nFxou0WTjI1C9UXb0Wa1+AA=
-171,18,Wa19cAGj5oK40bts/Yj9OEspea4=,/EF+nFxou0WTjI1C9UXb0Wa1+AA=
-173,18,Wa19cAGj5oK40bts/Yj9OEspea4=,/EF+nFxou0WTjI1C9UXb0Wa1+AA=
-174,18,Wa19cAGj5oK40bts/Yj9OEspea4=,/EF+nFxou0WTjI1C9UXb0Wa1+AA=
-172,18,Wa19cAGj5oK40bts/Yj9OEspea4=,/EF+nFxou0WTjI1C9UXb0Wa1+AA=
-165,19,Wa19cAGj5oK40bts/Yj9OEspea4=,/EF+nFxou0WTjI1C9UXb0Wa1+AA=
-162,31,Wa19cAGj5oK40bts/Yj9OEspea4=,/EF+nFxou0WTjI1C9UXb0Wa1+AA=
-163,31,Wa19cAGj5oK40bts/Yj9OEspea4=,/EF+nFxou0WTjI1C9UXb0Wa1+AA=
-165,31,Wa19cAGj5oK40bts/Yj9OEspea4=,/EF+nFxou0WTjI1C9UXb0Wa1+AA=
-166,31,Wa19cAGj5oK40bts/Yj9OEspea4=,/EF+nFxou0WTjI1C9UXb0Wa1+AA=
-167,31,Wa19cAGj5oK40bts/Yj9OEspea4=,/EF+nFxou0WTjI1C9UXb0Wa1+AA=
-168,31,Wa19cAGj5oK40bts/Yj9OEspea4=,/EF+nFxou0WTjI1C9UXb0Wa1+AA=
-169,31,Wa19cAGj5oK40bts/Yj9OEspea4=,/EF+nFxou0WTjI1C9UXb0Wa1+AA=
-164,31,Wa19cAGj5oK40bts/Yj9OEspea4=,/EF+nFxou0WTjI1C9UXb0Wa1+AA=
-174,16,HeVpnMC2kXAcL11oxSqFLNxuZcc=,/EF+nFxou0WTjI1C9UXb0Wa1+AA=
-166,19,HeVpnMC2kXAcL11oxSqFLNxuZcc=,/EF+nFxou0WTjI1C9UXb0Wa1+AA=
-170,18,HeVpnMC2kXAcL11oxSqFLNxuZcc=,/EF+nFxou0WTjI1C9UXb0Wa1+AA=
-176,18,HeVpnMC2kXAcL11oxSqFLNxuZcc=,/EF+nFxou0WTjI1C9UXb0Wa1+AA=
-162,17,HeVpnMC2kXAcL11oxSqFLNxuZcc=,/EF+nFxou0WTjI1C9UXb0Wa1+AA=
-164,19,HeVpnMC2kXAcL11oxSqFLNxuZcc=,/EF+nFxou0WTjI1C9UXb0Wa1+AA=
-163,18,HeVpnMC2kXAcL11oxSqFLNxuZcc=,/EF+nFxou0WTjI1C9UXb0Wa1+AA=
-161,30,HeVpnMC2kXAcL11oxSqFLNxuZcc=,/EF+nFxou0WTjI1C9UXb0Wa1+AA=
-163,30,HeVpnMC2kXAcL11oxSqFLNxuZcc=,/EF+nFxou0WTjI1C9UXb0Wa1+AA=
-164,30,HeVpnMC2kXAcL11oxSqFLNxuZcc=,/EF+nFxou0WTjI1C9UXb0Wa1+AA=
-165,30,HeVpnMC2kXAcL11oxSqFLNxuZcc=,/EF+nFxou0WTjI1C9UXb0Wa1+AA=
-167,30,HeVpnMC2kXAcL11oxSqFLNxuZcc=,/EF+nFxou0WTjI1C9UXb0Wa1+AA=
-168,30,HeVpnMC2kXAcL11oxSqFLNxuZcc=,/EF+nFxou0WTjI1C9UXb0Wa1+AA=
-166,30,HeVpnMC2kXAcL11oxSqFLNxuZcc=,/EF+nFxou0WTjI1C9UXb0Wa1+AA=
-175,18,HeVpnMC2kXAcL11oxSqFLNxuZcc=,/EF+nFxou0WTjI1C9UXb0Wa1+AA=
-162,30,HeVpnMC2kXAcL11oxSqFLNxuZcc=,/EF+nFxou0WTjI1C9UXb0Wa1+AA=
-170,31,HeVpnMC2kXAcL11oxSqFLNxuZcc=,/EF+nFxou0WTjI1C9UXb0Wa1+AA=
-162,18,HeVpnMC2kXAcL11oxSqFLNxuZcc=,/EF+nFxou0WTjI1C9UXb0Wa1+AA=
-172,16,HeVpnMC2kXAcL11oxSqFLNxuZcc=,/EF+nFxou0WTjI1C9UXb0Wa1+AA=
-176,31,HeVpnMC2kXAcL11oxSqFLNxuZcc=,/EF+nFxou0WTjI1C9UXb0Wa1+AA=
-171,31,HeVpnMC2kXAcL11oxSqFLNxuZcc=,/EF+nFxou0WTjI1C9UXb0Wa1+AA=
-172,31,HeVpnMC2kXAcL11oxSqFLNxuZcc=,/EF+nFxou0WTjI1C9UXb0Wa1+AA=
-167,19,HeVpnMC2kXAcL11oxSqFLNxuZcc=,/EF+nFxou0WTjI1C9UXb0Wa1+AA=
-175,17,HeVpnMC2kXAcL11oxSqFLNxuZcc=,/EF+nFxou0WTjI1C9UXb0Wa1+AA=
-176,17,HeVpnMC2kXAcL11oxSqFLNxuZcc=,/EF+nFxou0WTjI1C9UXb0Wa1+AA=
-173,31,HeVpnMC2kXAcL11oxSqFLNxuZcc=,/EF+nFxou0WTjI1C9UXb0Wa1+AA=
-175,16,HeVpnMC2kXAcL11oxSqFLNxuZcc=,/EF+nFxou0WTjI1C9UXb0Wa1+AA=
-174,31,HeVpnMC2kXAcL11oxSqFLNxuZcc=,/EF+nFxou0WTjI1C9UXb0Wa1+AA=
-169,30,HeVpnMC2kXAcL11oxSqFLNxuZcc=,/EF+nFxou0WTjI1C9UXb0Wa1+AA=
-175,31,HeVpnMC2kXAcL11oxSqFLNxuZcc=,/EF+nFxou0WTjI1C9UXb0Wa1+AA=
-170,30,HeVpnMC2kXAcL11oxSqFLNxuZcc=,/EF+nFxou0WTjI1C9UXb0Wa1+AA=
-162,29,HeVpnMC2kXAcL11oxSqFLNxuZcc=,/EF+nFxou0WTjI1C9UXb0Wa1+AA=
-163,19,HeVpnMC2kXAcL11oxSqFLNxuZcc=,/EF+nFxou0WTjI1C9UXb0Wa1+AA=
-166,29,HeVpnMC2kXAcL11oxSqFLNxuZcc=,/EF+nFxou0WTjI1C9UXb0Wa1+AA=
-173,30,HeVpnMC2kXAcL11oxSqFLNxuZcc=,/EF+nFxou0WTjI1C9UXb0Wa1+AA=
-172,30,HeVpnMC2kXAcL11oxSqFLNxuZcc=,/EF+nFxou0WTjI1C9UXb0Wa1+AA=
-168,29,HeVpnMC2kXAcL11oxSqFLNxuZcc=,/EF+nFxou0WTjI1C9UXb0Wa1+AA=
-171,30,HeVpnMC2kXAcL11oxSqFLNxuZcc=,/EF+nFxou0WTjI1C9UXb0Wa1+AA=
-163,29,HeVpnMC2kXAcL11oxSqFLNxuZcc=,/EF+nFxou0WTjI1C9UXb0Wa1+AA=
-174,30,HeVpnMC2kXAcL11oxSqFLNxuZcc=,/EF+nFxou0WTjI1C9UXb0Wa1+AA=
-161,29,HeVpnMC2kXAcL11oxSqFLNxuZcc=,/EF+nFxou0WTjI1C9UXb0Wa1+AA=
-163,17,HeVpnMC2kXAcL11oxSqFLNxuZcc=,/EF+nFxou0WTjI1C9UXb0Wa1+AA=
-175,30,HeVpnMC2kXAcL11oxSqFLNxuZcc=,/EF+nFxou0WTjI1C9UXb0Wa1+AA=
-161,16,HeVpnMC2kXAcL11oxSqFLNxuZcc=,/EF+nFxou0WTjI1C9UXb0Wa1+AA=
-165,29,HeVpnMC2kXAcL11oxSqFLNxuZcc=,/EF+nFxou0WTjI1C9UXb0Wa1+AA=
-162,19,HeVpnMC2kXAcL11oxSqFLNxuZcc=,/EF+nFxou0WTjI1C9UXb0Wa1+AA=
-164,29,HeVpnMC2kXAcL11oxSqFLNxuZcc=,/EF+nFxou0WTjI1C9UXb0Wa1+AA=
-171,16,HeVpnMC2kXAcL11oxSqFLNxuZcc=,/EF+nFxou0WTjI1C9UXb0Wa1+AA=
-167,29,HeVpnMC2kXAcL11oxSqFLNxuZcc=,/EF+nFxou0WTjI1C9UXb0Wa1+AA=
-164,17,HeVpnMC2kXAcL11oxSqFLNxuZcc=,/EF+nFxou0WTjI1C9UXb0Wa1+AA=
-168,19,HeVpnMC2kXAcL11oxSqFLNxuZcc=,/EF+nFxou0WTjI1C9UXb0Wa1+AA=
-176,30,HeVpnMC2kXAcL11oxSqFLNxuZcc=,/EF+nFxou0WTjI1C9UXb0Wa1+AA=
-169,29,HeVpnMC2kXAcL11oxSqFLNxuZcc=,/EF+nFxou0WTjI1C9UXb0Wa1+AA=
-161,19,HeVpnMC2kXAcL11oxSqFLNxuZcc=,/EF+nFxou0WTjI1C9UXb0Wa1+AA=
-174,17,HeVpnMC2kXAcL11oxSqFLNxuZcc=,/EF+nFxou0WTjI1C9UXb0Wa1+AA=
-170,29,HeVpnMC2kXAcL11oxSqFLNxuZcc=,/EF+nFxou0WTjI1C9UXb0Wa1+AA=
-172,29,HeVpnMC2kXAcL11oxSqFLNxuZcc=,/EF+nFxou0WTjI1C9UXb0Wa1+AA=
-171,29,HeVpnMC2kXAcL11oxSqFLNxuZcc=,/EF+nFxou0WTjI1C9UXb0Wa1+AA=
-166,28,HeVpnMC2kXAcL11oxSqFLNxuZcc=,/EF+nFxou0WTjI1C9UXb0Wa1+AA=
-175,29,HeVpnMC2kXAcL11oxSqFLNxuZcc=,/EF+nFxou0WTjI1C9UXb0Wa1+AA=
-162,28,HeVpnMC2kXAcL11oxSqFLNxuZcc=,/EF+nFxou0WTjI1C9UXb0Wa1+AA=
-174,29,HeVpnMC2kXAcL11oxSqFLNxuZcc=,/EF+nFxou0WTjI1C9UXb0Wa1+AA=
-161,28,HeVpnMC2kXAcL11oxSqFLNxuZcc=,/EF+nFxou0WTjI1C9UXb0Wa1+AA=
-169,28,HeVpnMC2kXAcL11oxSqFLNxuZcc=,/EF+nFxou0WTjI1C9UXb0Wa1+AA=
-176,29,HeVpnMC2kXAcL11oxSqFLNxuZcc=,/EF+nFxou0WTjI1C9UXb0Wa1+AA=
-162,16,HeVpnMC2kXAcL11oxSqFLNxuZcc=,/EF+nFxou0WTjI1C9UXb0Wa1+AA=
-165,28,HeVpnMC2kXAcL11oxSqFLNxuZcc=,/EF+nFxou0WTjI1C9UXb0Wa1+AA=
-163,28,HeVpnMC2kXAcL11oxSqFLNxuZcc=,/EF+nFxou0WTjI1C9UXb0Wa1+AA=
-176,20,HeVpnMC2kXAcL11oxSqFLNxuZcc=,/EF+nFxou0WTjI1C9UXb0Wa1+AA=
-173,29,HeVpnMC2kXAcL11oxSqFLNxuZcc=,/EF+nFxou0WTjI1C9UXb0Wa1+AA=
-169,19,HeVpnMC2kXAcL11oxSqFLNxuZcc=,/EF+nFxou0WTjI1C9UXb0Wa1+AA=
-165,17,HeVpnMC2kXAcL11oxSqFLNxuZcc=,/EF+nFxou0WTjI1C9UXb0Wa1+AA=
-167,28,HeVpnMC2kXAcL11oxSqFLNxuZcc=,/EF+nFxou0WTjI1C9UXb0Wa1+AA=
-164,28,HeVpnMC2kXAcL11oxSqFLNxuZcc=,/EF+nFxou0WTjI1C9UXb0Wa1+AA=
-168,28,HeVpnMC2kXAcL11oxSqFLNxuZcc=,/EF+nFxou0WTjI1C9UXb0Wa1+AA=
-170,28,HeVpnMC2kXAcL11oxSqFLNxuZcc=,/EF+nFxou0WTjI1C9UXb0Wa1+AA=
-171,28,HeVpnMC2kXAcL11oxSqFLNxuZcc=,/EF+nFxou0WTjI1C9UXb0Wa1+AA=
-172,28,HeVpnMC2kXAcL11oxSqFLNxuZcc=,/EF+nFxou0WTjI1C9UXb0Wa1+AA=
-174,28,HeVpnMC2kXAcL11oxSqFLNxuZcc=,/EF+nFxou0WTjI1C9UXb0Wa1+AA=
-175,20,HeVpnMC2kXAcL11oxSqFLNxuZcc=,/EF+nFxou0WTjI1C9UXb0Wa1+AA=
-176,28,HeVpnMC2kXAcL11oxSqFLNxuZcc=,/EF+nFxou0WTjI1C9UXb0Wa1+AA=
-163,27,HeVpnMC2kXAcL11oxSqFLNxuZcc=,/EF+nFxou0WTjI1C9UXb0Wa1+AA=
-161,27,HeVpnMC2kXAcL11oxSqFLNxuZcc=,/EF+nFxou0WTjI1C9UXb0Wa1+AA=
-165,27,HeVpnMC2kXAcL11oxSqFLNxuZcc=,/EF+nFxou0WTjI1C9UXb0Wa1+AA=
-163,16,HeVpnMC2kXAcL11oxSqFLNxuZcc=,/EF+nFxou0WTjI1C9UXb0Wa1+AA=
-162,27,HeVpnMC2kXAcL11oxSqFLNxuZcc=,/EF+nFxou0WTjI1C9UXb0Wa1+AA=
-170,19,HeVpnMC2kXAcL11oxSqFLNxuZcc=,/EF+nFxou0WTjI1C9UXb0Wa1+AA=
-164,27,HeVpnMC2kXAcL11oxSqFLNxuZcc=,/EF+nFxou0WTjI1C9UXb0Wa1+AA=
-175,28,HeVpnMC2kXAcL11oxSqFLNxuZcc=,/EF+nFxou0WTjI1C9UXb0Wa1+AA=
-168,27,HeVpnMC2kXAcL11oxSqFLNxuZcc=,/EF+nFxou0WTjI1C9UXb0Wa1+AA=
-166,17,HeVpnMC2kXAcL11oxSqFLNxuZcc=,/EF+nFxou0WTjI1C9UXb0Wa1+AA=
-170,27,HeVpnMC2kXAcL11oxSqFLNxuZcc=,/EF+nFxou0WTjI1C9UXb0Wa1+AA=
-166,27,HeVpnMC2kXAcL11oxSqFLNxuZcc=,/EF+nFxou0WTjI1C9UXb0Wa1+AA=
-171,27,HeVpnMC2kXAcL11oxSqFLNxuZcc=,/EF+nFxou0WTjI1C9UXb0Wa1+AA=
-174,20,HeVpnMC2kXAcL11oxSqFLNxuZcc=,/EF+nFxou0WTjI1C9UXb0Wa1+AA=
-169,27,HeVpnMC2kXAcL11oxSqFLNxuZcc=,/EF+nFxou0WTjI1C9UXb0Wa1+AA=
-173,28,HeVpnMC2kXAcL11oxSqFLNxuZcc=,/EF+nFxou0WTjI1C9UXb0Wa1+AA=
-167,27,HeVpnMC2kXAcL11oxSqFLNxuZcc=,/EF+nFxou0WTjI1C9UXb0Wa1+AA=
-161,26,HeVpnMC2kXAcL11oxSqFLNxuZcc=,/EF+nFxou0WTjI1C9UXb0Wa1+AA=
-173,27,HeVpnMC2kXAcL11oxSqFLNxuZcc=,/EF+nFxou0WTjI1C9UXb0Wa1+AA=
-172,27,HeVpnMC2kXAcL11oxSqFLNxuZcc=,/EF+nFxou0WTjI1C9UXb0Wa1+AA=
-175,27,HeVpnMC2kXAcL11oxSqFLNxuZcc=,/EF+nFxou0WTjI1C9UXb0Wa1+AA=
-162,26,HeVpnMC2kXAcL11oxSqFLNxuZcc=,/EF+nFxou0WTjI1C9UXb0Wa1+AA=
-176,27,HeVpnMC2kXAcL11oxSqFLNxuZcc=,/EF+nFxou0WTjI1C9UXb0Wa1+AA=
-164,16,HeVpnMC2kXAcL11oxSqFLNxuZcc=,/EF+nFxou0WTjI1C9UXb0Wa1+AA=
-171,19,HeVpnMC2kXAcL11oxSqFLNxuZcc=,/EF+nFxou0WTjI1C9UXb0Wa1+AA=
-163,26,HeVpnMC2kXAcL11oxSqFLNxuZcc=,/EF+nFxou0WTjI1C9UXb0Wa1+AA=
-164,26,HeVpnMC2kXAcL11oxSqFLNxuZcc=,/EF+nFxou0WTjI1C9UXb0Wa1+AA=
-167,26,HeVpnMC2kXAcL11oxSqFLNxuZcc=,/EF+nFxou0WTjI1C9UXb0Wa1+AA=
-166,26,HeVpnMC2kXAcL11oxSqFLNxuZcc=,/EF+nFxou0WTjI1C9UXb0Wa1+AA=
-169,26,HeVpnMC2kXAcL11oxSqFLNxuZcc=,/EF+nFxou0WTjI1C9UXb0Wa1+AA=
-167,17,HeVpnMC2kXAcL11oxSqFLNxuZcc=,/EF+nFxou0WTjI1C9UXb0Wa1+AA=
-165,26,HeVpnMC2kXAcL11oxSqFLNxuZcc=,/EF+nFxou0WTjI1C9UXb0Wa1+AA=
-168,26,HeVpnMC2kXAcL11oxSqFLNxuZcc=,/EF+nFxou0WTjI1C9UXb0Wa1+AA=
-170,26,HeVpnMC2kXAcL11oxSqFLNxuZcc=,/EF+nFxou0WTjI1C9UXb0Wa1+AA=
-171,26,HeVpnMC2kXAcL11oxSqFLNxuZcc=,/EF+nFxou0WTjI1C9UXb0Wa1+AA=
-173,26,HeVpnMC2kXAcL11oxSqFLNxuZcc=,/EF+nFxou0WTjI1C9UXb0Wa1+AA=
-174,27,HeVpnMC2kXAcL11oxSqFLNxuZcc=,/EF+nFxou0WTjI1C9UXb0Wa1+AA=
-172,26,HeVpnMC2kXAcL11oxSqFLNxuZcc=,/EF+nFxou0WTjI1C9UXb0Wa1+AA=
-173,20,HeVpnMC2kXAcL11oxSqFLNxuZcc=,/EF+nFxou0WTjI1C9UXb0Wa1+AA=
-162,25,HeVpnMC2kXAcL11oxSqFLNxuZcc=,/EF+nFxou0WTjI1C9UXb0Wa1+AA=
-164,25,HeVpnMC2kXAcL11oxSqFLNxuZcc=,/EF+nFxou0WTjI1C9UXb0Wa1+AA=
-175,26,HeVpnMC2kXAcL11oxSqFLNxuZcc=,/EF+nFxou0WTjI1C9UXb0Wa1+AA=
-165,16,HeVpnMC2kXAcL11oxSqFLNxuZcc=,/EF+nFxou0WTjI1C9UXb0Wa1+AA=
-172,19,HeVpnMC2kXAcL11oxSqFLNxuZcc=,/EF+nFxou0WTjI1C9UXb0Wa1+AA=
-174,26,HeVpnMC2kXAcL11oxSqFLNxuZcc=,/EF+nFxou0WTjI1C9UXb0Wa1+AA=
-163,25,HeVpnMC2kXAcL11oxSqFLNxuZcc=,/EF+nFxou0WTjI1C9UXb0Wa1+AA=
-172,20,HeVpnMC2kXAcL11oxSqFLNxuZcc=,/EF+nFxou0WTjI1C9UXb0Wa1+AA=
-161,25,HeVpnMC2kXAcL11oxSqFLNxuZcc=,/EF+nFxou0WTjI1C9UXb0Wa1+AA=
-176,26,HeVpnMC2kXAcL11oxSqFLNxuZcc=,/EF+nFxou0WTjI1C9UXb0Wa1+AA=
-165,25,HeVpnMC2kXAcL11oxSqFLNxuZcc=,/EF+nFxou0WTjI1C9UXb0Wa1+AA=
-171,20,HeVpnMC2kXAcL11oxSqFLNxuZcc=,/EF+nFxou0WTjI1C9UXb0Wa1+AA=
-176,16,HeVpnMC2kXAcL11oxSqFLNxuZcc=,/EF+nFxou0WTjI1C9UXb0Wa1+AA=
-171,25,HeVpnMC2kXAcL11oxSqFLNxuZcc=,/EF+nFxou0WTjI1C9UXb0Wa1+AA=
-168,17,HeVpnMC2kXAcL11oxSqFLNxuZcc=,/EF+nFxou0WTjI1C9UXb0Wa1+AA=
-167,25,HeVpnMC2kXAcL11oxSqFLNxuZcc=,/EF+nFxou0WTjI1C9UXb0Wa1+AA=
-169,25,HeVpnMC2kXAcL11oxSqFLNxuZcc=,/EF+nFxou0WTjI1C9UXb0Wa1+AA=
-170,20,HeVpnMC2kXAcL11oxSqFLNxuZcc=,/EF+nFxou0WTjI1C9UXb0Wa1+AA=
-172,25,HeVpnMC2kXAcL11oxSqFLNxuZcc=,/EF+nFxou0WTjI1C9UXb0Wa1+AA=
-173,25,HeVpnMC2kXAcL11oxSqFLNxuZcc=,/EF+nFxou0WTjI1C9UXb0Wa1+AA=
-175,25,HeVpnMC2kXAcL11oxSqFLNxuZcc=,/EF+nFxou0WTjI1C9UXb0Wa1+AA=
-162,24,HeVpnMC2kXAcL11oxSqFLNxuZcc=,/EF+nFxou0WTjI1C9UXb0Wa1+AA=
-168,25,HeVpnMC2kXAcL11oxSqFLNxuZcc=,/EF+nFxou0WTjI1C9UXb0Wa1+AA=
-166,25,HeVpnMC2kXAcL11oxSqFLNxuZcc=,/EF+nFxou0WTjI1C9UXb0Wa1+AA=
-163,24,HeVpnMC2kXAcL11oxSqFLNxuZcc=,/EF+nFxou0WTjI1C9UXb0Wa1+AA=
-166,16,HeVpnMC2kXAcL11oxSqFLNxuZcc=,/EF+nFxou0WTjI1C9UXb0Wa1+AA=
-174,25,HeVpnMC2kXAcL11oxSqFLNxuZcc=,/EF+nFxou0WTjI1C9UXb0Wa1+AA=
-169,20,HeVpnMC2kXAcL11oxSqFLNxuZcc=,/EF+nFxou0WTjI1C9UXb0Wa1+AA=
-176,25,HeVpnMC2kXAcL11oxSqFLNxuZcc=,/EF+nFxou0WTjI1C9UXb0Wa1+AA=
-173,19,HeVpnMC2kXAcL11oxSqFLNxuZcc=,/EF+nFxou0WTjI1C9UXb0Wa1+AA=
-168,20,HeVpnMC2kXAcL11oxSqFLNxuZcc=,/EF+nFxou0WTjI1C9UXb0Wa1+AA=
-161,24,HeVpnMC2kXAcL11oxSqFLNxuZcc=,/EF+nFxou0WTjI1C9UXb0Wa1+AA=
-170,25,HeVpnMC2kXAcL11oxSqFLNxuZcc=,/EF+nFxou0WTjI1C9UXb0Wa1+AA=
-167,24,HeVpnMC2kXAcL11oxSqFLNxuZcc=,/EF+nFxou0WTjI1C9UXb0Wa1+AA=
-167,20,HeVpnMC2kXAcL11oxSqFLNxuZcc=,/EF+nFxou0WTjI1C9UXb0Wa1+AA=
-165,24,HeVpnMC2kXAcL11oxSqFLNxuZcc=,/EF+nFxou0WTjI1C9UXb0Wa1+AA=
-168,24,HeVpnMC2kXAcL11oxSqFLNxuZcc=,/EF+nFxou0WTjI1C9UXb0Wa1+AA=
-169,17,HeVpnMC2kXAcL11oxSqFLNxuZcc=,/EF+nFxou0WTjI1C9UXb0Wa1+AA=
-171,24,HeVpnMC2kXAcL11oxSqFLNxuZcc=,/EF+nFxou0WTjI1C9UXb0Wa1+AA=
-166,24,HeVpnMC2kXAcL11oxSqFLNxuZcc=,/EF+nFxou0WTjI1C9UXb0Wa1+AA=
-169,24,HeVpnMC2kXAcL11oxSqFLNxuZcc=,/EF+nFxou0WTjI1C9UXb0Wa1+AA=
-163,23,HeVpnMC2kXAcL11oxSqFLNxuZcc=,/EF+nFxou0WTjI1C9UXb0Wa1+AA=
-172,24,HeVpnMC2kXAcL11oxSqFLNxuZcc=,/EF+nFxou0WTjI1C9UXb0Wa1+AA=
-164,24,HeVpnMC2kXAcL11oxSqFLNxuZcc=,/EF+nFxou0WTjI1C9UXb0Wa1+AA=
-170,24,HeVpnMC2kXAcL11oxSqFLNxuZcc=,/EF+nFxou0WTjI1C9UXb0Wa1+AA=
-166,20,HeVpnMC2kXAcL11oxSqFLNxuZcc=,/EF+nFxou0WTjI1C9UXb0Wa1+AA=
-161,18,HeVpnMC2kXAcL11oxSqFLNxuZcc=,/EF+nFxou0WTjI1C9UXb0Wa1+AA=
-162,23,HeVpnMC2kXAcL11oxSqFLNxuZcc=,/EF+nFxou0WTjI1C9UXb0Wa1+AA=
-167,16,HeVpnMC2kXAcL11oxSqFLNxuZcc=,/EF+nFxou0WTjI1C9UXb0Wa1+AA=
-165,20,HeVpnMC2kXAcL11oxSqFLNxuZcc=,/EF+nFxou0WTjI1C9UXb0Wa1+AA=
-170,16,HeVpnMC2kXAcL11oxSqFLNxuZcc=,/EF+nFxou0WTjI1C9UXb0Wa1+AA=
-173,24,HeVpnMC2kXAcL11oxSqFLNxuZcc=,/EF+nFxou0WTjI1C9UXb0Wa1+AA=
-174,24,HeVpnMC2kXAcL11oxSqFLNxuZcc=,/EF+nFxou0WTjI1C9UXb0Wa1+AA=
-164,20,HeVpnMC2kXAcL11oxSqFLNxuZcc=,/EF+nFxou0WTjI1C9UXb0Wa1+AA=
-164,23,HeVpnMC2kXAcL11oxSqFLNxuZcc=,/EF+nFxou0WTjI1C9UXb0Wa1+AA=
-165,23,HeVpnMC2kXAcL11oxSqFLNxuZcc=,/EF+nFxou0WTjI1C9UXb0Wa1+AA=
-169,23,HeVpnMC2kXAcL11oxSqFLNxuZcc=,/EF+nFxou0WTjI1C9UXb0Wa1+AA=
-176,24,HeVpnMC2kXAcL11oxSqFLNxuZcc=,/EF+nFxou0WTjI1C9UXb0Wa1+AA=
-163,20,HeVpnMC2kXAcL11oxSqFLNxuZcc=,/EF+nFxou0WTjI1C9UXb0Wa1+AA=
-174,19,HeVpnMC2kXAcL11oxSqFLNxuZcc=,/EF+nFxou0WTjI1C9UXb0Wa1+AA=
-170,23,HeVpnMC2kXAcL11oxSqFLNxuZcc=,/EF+nFxou0WTjI1C9UXb0Wa1+AA=
-170,17,HeVpnMC2kXAcL11oxSqFLNxuZcc=,/EF+nFxou0WTjI1C9UXb0Wa1+AA=
-168,23,HeVpnMC2kXAcL11oxSqFLNxuZcc=,/EF+nFxou0WTjI1C9UXb0Wa1+AA=
-172,23,HeVpnMC2kXAcL11oxSqFLNxuZcc=,/EF+nFxou0WTjI1C9UXb0Wa1+AA=
-161,23,HeVpnMC2kXAcL11oxSqFLNxuZcc=,/EF+nFxou0WTjI1C9UXb0Wa1+AA=
-166,23,HeVpnMC2kXAcL11oxSqFLNxuZcc=,/EF+nFxou0WTjI1C9UXb0Wa1+AA=
-175,24,HeVpnMC2kXAcL11oxSqFLNxuZcc=,/EF+nFxou0WTjI1C9UXb0Wa1+AA=
-171,23,HeVpnMC2kXAcL11oxSqFLNxuZcc=,/EF+nFxou0WTjI1C9UXb0Wa1+AA=
-163,22,HeVpnMC2kXAcL11oxSqFLNxuZcc=,/EF+nFxou0WTjI1C9UXb0Wa1+AA=
-173,23,HeVpnMC2kXAcL11oxSqFLNxuZcc=,/EF+nFxou0WTjI1C9UXb0Wa1+AA=
-168,16,HeVpnMC2kXAcL11oxSqFLNxuZcc=,/EF+nFxou0WTjI1C9UXb0Wa1+AA=
-162,20,HeVpnMC2kXAcL11oxSqFLNxuZcc=,/EF+nFxou0WTjI1C9UXb0Wa1+AA=
-164,22,HeVpnMC2kXAcL11oxSqFLNxuZcc=,/EF+nFxou0WTjI1C9UXb0Wa1+AA=
-165,22,HeVpnMC2kXAcL11oxSqFLNxuZcc=,/EF+nFxou0WTjI1C9UXb0Wa1+AA=
-167,23,HeVpnMC2kXAcL11oxSqFLNxuZcc=,/EF+nFxou0WTjI1C9UXb0Wa1+AA=
-176,23,HeVpnMC2kXAcL11oxSqFLNxuZcc=,/EF+nFxou0WTjI1C9UXb0Wa1+AA=
-161,22,HeVpnMC2kXAcL11oxSqFLNxuZcc=,/EF+nFxou0WTjI1C9UXb0Wa1+AA=
-175,23,HeVpnMC2kXAcL11oxSqFLNxuZcc=,/EF+nFxou0WTjI1C9UXb0Wa1+AA=
-175,19,HeVpnMC2kXAcL11oxSqFLNxuZcc=,/EF+nFxou0WTjI1C9UXb0Wa1+AA=
-167,22,HeVpnMC2kXAcL11oxSqFLNxuZcc=,/EF+nFxou0WTjI1C9UXb0Wa1+AA=
-162,22,HeVpnMC2kXAcL11oxSqFLNxuZcc=,/EF+nFxou0WTjI1C9UXb0Wa1+AA=
-161,20,HeVpnMC2kXAcL11oxSqFLNxuZcc=,/EF+nFxou0WTjI1C9UXb0Wa1+AA=
-173,17,HeVpnMC2kXAcL11oxSqFLNxuZcc=,/EF+nFxou0WTjI1C9UXb0Wa1+AA=
-174,23,HeVpnMC2kXAcL11oxSqFLNxuZcc=,/EF+nFxou0WTjI1C9UXb0Wa1+AA=
-171,17,HeVpnMC2kXAcL11oxSqFLNxuZcc=,/EF+nFxou0WTjI1C9UXb0Wa1+AA=
-170,22,HeVpnMC2kXAcL11oxSqFLNxuZcc=,/EF+nFxou0WTjI1C9UXb0Wa1+AA=
-166,22,HeVpnMC2kXAcL11oxSqFLNxuZcc=,/EF+nFxou0WTjI1C9UXb0Wa1+AA=
-169,22,HeVpnMC2kXAcL11oxSqFLNxuZcc=,/EF+nFxou0WTjI1C9UXb0Wa1+AA=
-168,22,HeVpnMC2kXAcL11oxSqFLNxuZcc=,/EF+nFxou0WTjI1C9UXb0Wa1+AA=
-172,22,HeVpnMC2kXAcL11oxSqFLNxuZcc=,/EF+nFxou0WTjI1C9UXb0Wa1+AA=
-174,22,HeVpnMC2kXAcL11oxSqFLNxuZcc=,/EF+nFxou0WTjI1C9UXb0Wa1+AA=
-169,16,HeVpnMC2kXAcL11oxSqFLNxuZcc=,/EF+nFxou0WTjI1C9UXb0Wa1+AA=
-173,22,HeVpnMC2kXAcL11oxSqFLNxuZcc=,/EF+nFxou0WTjI1C9UXb0Wa1+AA=
-172,17,HeVpnMC2kXAcL11oxSqFLNxuZcc=,/EF+nFxou0WTjI1C9UXb0Wa1+AA=
-171,22,HeVpnMC2kXAcL11oxSqFLNxuZcc=,/EF+nFxou0WTjI1C9UXb0Wa1+AA=
-163,21,HeVpnMC2kXAcL11oxSqFLNxuZcc=,/EF+nFxou0WTjI1C9UXb0Wa1+AA=
-175,22,HeVpnMC2kXAcL11oxSqFLNxuZcc=,/EF+nFxou0WTjI1C9UXb0Wa1+AA=
-165,21,HeVpnMC2kXAcL11oxSqFLNxuZcc=,/EF+nFxou0WTjI1C9UXb0Wa1+AA=
-176,21,HeVpnMC2kXAcL11oxSqFLNxuZcc=,/EF+nFxou0WTjI1C9UXb0Wa1+AA=
-162,21,HeVpnMC2kXAcL11oxSqFLNxuZcc=,/EF+nFxou0WTjI1C9UXb0Wa1+AA=
-176,22,HeVpnMC2kXAcL11oxSqFLNxuZcc=,/EF+nFxou0WTjI1C9UXb0Wa1+AA=
-164,21,HeVpnMC2kXAcL11oxSqFLNxuZcc=,/EF+nFxou0WTjI1C9UXb0Wa1+AA=
-161,21,HeVpnMC2kXAcL11oxSqFLNxuZcc=,/EF+nFxou0WTjI1C9UXb0Wa1+AA=
-167,21,HeVpnMC2kXAcL11oxSqFLNxuZcc=,/EF+nFxou0WTjI1C9UXb0Wa1+AA=
-168,21,HeVpnMC2kXAcL11oxSqFLNxuZcc=,/EF+nFxou0WTjI1C9UXb0Wa1+AA=
-176,19,HeVpnMC2kXAcL11oxSqFLNxuZcc=,/EF+nFxou0WTjI1C9UXb0Wa1+AA=
-172,21,HeVpnMC2kXAcL11oxSqFLNxuZcc=,/EF+nFxou0WTjI1C9UXb0Wa1+AA=
-166,21,HeVpnMC2kXAcL11oxSqFLNxuZcc=,/EF+nFxou0WTjI1C9UXb0Wa1+AA=
-169,21,HeVpnMC2kXAcL11oxSqFLNxuZcc=,/EF+nFxou0WTjI1C9UXb0Wa1+AA=
-175,21,HeVpnMC2kXAcL11oxSqFLNxuZcc=,/EF+nFxou0WTjI1C9UXb0Wa1+AA=
-171,21,HeVpnMC2kXAcL11oxSqFLNxuZcc=,/EF+nFxou0WTjI1C9UXb0Wa1+AA=
-174,21,HeVpnMC2kXAcL11oxSqFLNxuZcc=,/EF+nFxou0WTjI1C9UXb0Wa1+AA=
-173,21,HeVpnMC2kXAcL11oxSqFLNxuZcc=,/EF+nFxou0WTjI1C9UXb0Wa1+AA=
-170,21,HeVpnMC2kXAcL11oxSqFLNxuZcc=,/EF+nFxou0WTjI1C9UXb0Wa1+AA=
