0,96,FbXxUyycwl4kk7g1z/7Oan9moe0=,iW6gFMf35VRUBJ+v4j7+UUQOuEQ=
15,96,FbXxUyycwl4kk7g1z/7Oan9moe0=,iW6gFMf35VRUBJ+v4j7+UUQOuEQ=
14,97,FbXxUyycwl4kk7g1z/7Oan9moe0=,iW6gFMf35VRUBJ+v4j7+UUQOuEQ=
15,97,FbXxUyycwl4kk7g1z/7Oan9moe0=,iW6gFMf35VRUBJ+v4j7+UUQOuEQ=
15,111,FbXxUyycwl4kk7g1z/7Oan9moe0=,iW6gFMf35VRUBJ+v4j7+UUQOuEQ=
0,98,FbXxUyycwl4kk7g1z/7Oan9moe0=,iW6gFMf35VRUBJ+v4j7+UUQOuEQ=
14,111,FbXxUyycwl4kk7g1z/7Oan9moe0=,iW6gFMf35VRUBJ+v4j7+UUQOuEQ=
1,98,FbXxUyycwl4kk7g1z/7Oan9moe0=,iW6gFMf35VRUBJ+v4j7+UUQOuEQ=
13,111,FbXxUyycwl4kk7g1z/7Oan9moe0=,iW6gFMf35VRUBJ+v4j7+UUQOuEQ=
2,98,FbXxUyycwl4kk7g1z/7Oan9moe0=,iW6gFMf35VRUBJ+v4j7+UUQOuEQ=
12,111,FbXxUyycwl4kk7g1z/7Oan9moe0=,iW6gFMf35VRUBJ+v4j7+UUQOuEQ=
11,111,FbXxUyycwl4kk7g1z/7Oan9moe0=,iW6gFMf35VRUBJ+v4j7+UUQOuEQ=
10,111,FbXxUyycwl4kk7g1z/7Oan9moe0=,iW6gFMf35VRUBJ+v4j7+UUQOuEQ=
9,111,FbXxUyycwl4kk7g1z/7Oan9moe0=,iW6gFMf35VRUBJ+v4j7+UUQOuEQ=
8,111,FbXxUyycwl4kk7g1z/7Oan9moe0=,iW6gFMf35VRUBJ+v4j7+UUQOuEQ=
7,111,FbXxUyycwl4kk7g1z/7Oan9moe0=,iW6gFMf35VRUBJ+v4j7+UUQOuEQ=
6,111,FbXxUyycwl4kk7g1z/7Oan9moe0=,iW6gFMf35VRUBJ+v4j7+UUQOuEQ=
5,111,FbXxUyycwl4kk7g1z/7Oan9moe0=,iW6gFMf35VRUBJ+v4j7+UUQOuEQ=
4,111,FbXxUyycwl4kk7g1z/7Oan9moe0=,iW6gFMf35VRUBJ+v4j7+UUQOuEQ=
3,111,FbXxUyycwl4kk7g1z/7Oan9moe0=,iW6gFMf35VRUBJ+v4j7+UUQOuEQ=
14,96,FbXxUyycwl4kk7g1z/7Oan9moe0=,iW6gFMf35VRUBJ+v4j7+UUQOuEQ=
2,111,FbXxUyycwl4kk7g1z/7Oan9moe0=,iW6gFMf35VRUBJ+v4j7+UUQOuEQ=
1,111,FbXxUyycwl4kk7g1z/7Oan9moe0=,iW6gFMf35VRUBJ+v4j7+UUQOuEQ=
3,98,FbXxUyycwl4kk7g1z/7Oan9moe0=,iW6gFMf35VRUBJ+v4j7+UUQOuEQ=
13,96,FbXxUyycwl4kk7g1z/7Oan9moe0=,iW6gFMf35VRUBJ+v4j7+UUQOuEQ=
11,96,FbXxUyycwl4kk7g1z/7Oan9moe0=,iW6gFMf35VRUBJ+v4j7+UUQOuEQ=
12,96,FbXxUyycwl4kk7g1z/7Oan9moe0=,iW6gFMf35VRUBJ+v4j7+UUQOuEQ=
10,96,FbXxUyycwl4kk7g1z/7Oan9moe0=,iW6gFMf35VRUBJ+v4j7+UUQOuEQ=
9,96,FbXxUyycwl4kk7g1z/7Oan9moe0=,iW6gFMf35VRUBJ+v4j7+UUQOuEQ=
7,96,FbXxUyycwl4kk7g1z/7Oan9moe0=,iW6gFMf35VRUBJ+v4j7+UUQOuEQ=
6,96,FbXxUyycwl4kk7g1z/7Oan9moe0=,iW6gFMf35VRUBJ+v4j7+UUQOuEQ=
5,96,FbXxUyycwl4kk7g1z/7Oan9moe0=,iW6gFMf35VRUBJ+v4j7+UUQOuEQ=
4,96,FbXxUyycwl4kk7g1z/7Oan9moe0=,iW6gFMf35VRUBJ+v4j7+UUQOuEQ=
3,96,FbXxUyycwl4kk7g1z/7Oan9moe0=,iW6gFMf35VRUBJ+v4j7+UUQOuEQ=
2,96,FbXxUyycwl4kk7g1z/7Oan9moe0=,iW6gFMf35VRUBJ+v4j7+UUQOuEQ=
1,96,FbXxUyycwl4kk7g1z/7Oan9moe0=,iW6gFMf35VRUBJ+v4j7+UUQOuEQ=
13,97,FbXxUyycwl4kk7g1z/7Oan9moe0=,iW6gFMf35VRUBJ+v4j7+UUQOuEQ=
15,110,FbXxUyycwl4kk7g1z/7Oan9moe0=,iW6gFMf35VRUBJ+v4j7+UUQOuEQ=
14,110,FbXxUyycwl4kk7g1z/7Oan9moe0=,iW6gFMf35VRUBJ+v4j7+UUQOuEQ=
13,110,FbXxUyycwl4kk7g1z/7Oan9moe0=,iW6gFMf35VRUBJ+v4j7+UUQOuEQ=
12,110,FbXxUyycwl4kk7g1z/7Oan9moe0=,iW6gFMf35VRUBJ+v4j7+UUQOuEQ=
11,110,FbXxUyycwl4kk7g1z/7Oan9moe0=,iW6gFMf35VRUBJ+v4j7+UUQOuEQ=
10,110,FbXxUyycwl4kk7g1z/7Oan9moe0=,iW6gFMf35VRUBJ+v4j7+UUQOuEQ=
9,110,FbXxUyycwl4kk7g1z/7Oan9moe0=,iW6gFMf35VRUBJ+v4j7+UUQOuEQ=
8,110,FbXxUyycwl4kk7g1z/7Oan9moe0=,iW6gFMf35VRUBJ+v4j7+UUQOuEQ=
7,110,FbXxUyycwl4kk7g1z/7Oan9moe0=,iW6gFMf35VRUBJ+v4j7+UUQOuEQ=
6,110,FbXxUyycwl4kk7g1z/7Oan9moe0=,iW6gFMf35VRUBJ+v4j7+UUQOuEQ=
5,110,FbXxUyycwl4kk7g1z/7Oan9moe0=,iW6gFMf35VRUBJ+v4j7+UUQOuEQ=
3,110,FbXxUyycwl4kk7g1z/7Oan9moe0=,iW6gFMf35VRUBJ+v4j7+UUQOuEQ=
2,110,FbXxUyycwl4kk7g1z/7Oan9moe0=,iW6gFMf35VRUBJ+v4j7+UUQOuEQ=
12,97,FbXxUyycwl4kk7g1z/7Oan9moe0=,iW6gFMf35VRUBJ+v4j7+UUQOuEQ=
4,110,FbXxUyycwl4kk7g1z/7Oan9moe0=,iW6gFMf35VRUBJ+v4j7+UUQOuEQ=
0,110,FbXxUyycwl4kk7g1z/7Oan9moe0=,iW6gFMf35VRUBJ+v4j7+UUQOuEQ=
14,109,FbXxUyycwl4kk7g1z/7Oan9moe0=,iW6gFMf35VRUBJ+v4j7+UUQOuEQ=
13,109,FbXxUyycwl4kk7g1z/7Oan9moe0=,iW6gFMf35VRUBJ+v4j7+UUQOuEQ=
12,109,FbXxUyycwl4kk7g1z/7Oan9moe0=,iW6gFMf35VRUBJ+v4j7+UUQOuEQ=
11,109,FbXxUyycwl4kk7g1z/7Oan9moe0=,iW6gFMf35VRUBJ+v4j7+UUQOuEQ=
10,109,FbXxUyycwl4kk7g1z/7Oan9moe0=,iW6gFMf35VRUBJ+v4j7+UUQOuEQ=
9,109,FbXxUyycwl4kk7g1z/7Oan9moe0=,iW6gFMf35VRUBJ+v4j7+UUQOuEQ=
15,109,FbXxUyycwl4kk7g1z/7Oan9moe0=,iW6gFMf35VRUBJ+v4j7+UUQOuEQ=
8,109,FbXxUyycwl4kk7g1z/7Oan9moe0=,iW6gFMf35VRUBJ+v4j7+UUQOuEQ=
7,109,FbXxUyycwl4kk7g1z/7Oan9moe0=,iW6gFMf35VRUBJ+v4j7+UUQOuEQ=
6,109,FbXxUyycwl4kk7g1z/7Oan9moe0=,iW6gFMf35VRUBJ+v4j7+UUQOuEQ=
5,109,FbXxUyycwl4kk7g1z/7Oan9moe0=,iW6gFMf35VRUBJ+v4j7+UUQOuEQ=
4,109,FbXxUyycwl4kk7g1z/7Oan9moe0=,iW6gFMf35VRUBJ+v4j7+UUQOuEQ=
3,109,FbXxUyycwl4kk7g1z/7Oan9moe0=,iW6gFMf35VRUBJ+v4j7+UUQOuEQ=
14,108,FbXxUyycwl4kk7g1z/7Oan9moe0=,iW6gFMf35VRUBJ+v4j7+UUQOuEQ=
13,108,FbXxUyycwl4kk7g1z/7Oan9moe0=,iW6gFMf35VRUBJ+v4j7+UUQOuEQ=
12,108,FbXxUyycwl4kk7g1z/7Oan9moe0=,iW6gFMf35VRUBJ+v4j7+UUQOuEQ=
11,108,FbXxUyycwl4kk7g1z/7Oan9moe0=,iW6gFMf35VRUBJ+v4j7+UUQOuEQ=
10,108,FbXxUyycwl4kk7g1z/7Oan9moe0=,iW6gFMf35VRUBJ+v4j7+UUQOuEQ=
9,108,FbXxUyycwl4kk7g1z/7Oan9moe0=,iW6gFMf35VRUBJ+v4j7+UUQOuEQ=
8,108,FbXxUyycwl4kk7g1z/7Oan9moe0=,iW6gFMf35VRUBJ+v4j7+UUQOuEQ=
6,108,FbXxUyycwl4kk7g1z/7Oan9moe0=,iW6gFMf35VRUBJ+v4j7+UUQOuEQ=
7,108,FbXxUyycwl4kk7g1z/7Oan9moe0=,iW6gFMf35VRUBJ+v4j7+UUQOuEQ=
5,108,FbXxUyycwl4kk7g1z/7Oan9moe0=,iW6gFMf35VRUBJ+v4j7+UUQOuEQ=
10,97,FbXxUyycwl4kk7g1z/7Oan9moe0=,iW6gFMf35VRUBJ+v4j7+UUQOuEQ=
3,108,FbXxUyycwl4kk7g1z/7Oan9moe0=,iW6gFMf35VRUBJ+v4j7+UUQOuEQ=
8,96,FbXxUyycwl4kk7g1z/7Oan9moe0=,iW6gFMf35VRUBJ+v4j7+UUQOuEQ=
4,98,FbXxUyycwl4kk7g1z/7Oan9moe0=,iW6gFMf35VRUBJ+v4j7+UUQOuEQ=
5,98,FbXxUyycwl4kk7g1z/7Oan9moe0=,iW6gFMf35VRUBJ+v4j7+UUQOuEQ=
6,98,FbXxUyycwl4kk7g1z/7Oan9moe0=,iW6gFMf35VRUBJ+v4j7+UUQOuEQ=
1,108,FbXxUyycwl4kk7g1z/7Oan9moe0=,iW6gFMf35VRUBJ+v4j7+UUQOuEQ=
15,107,FbXxUyycwl4kk7g1z/7Oan9moe0=,iW6gFMf35VRUBJ+v4j7+UUQOuEQ=
14,107,FbXxUyycwl4kk7g1z/7Oan9moe0=,iW6gFMf35VRUBJ+v4j7+UUQOuEQ=
13,107,FbXxUyycwl4kk7g1z/7Oan9moe0=,iW6gFMf35VRUBJ+v4j7+UUQOuEQ=
15,108,FbXxUyycwl4kk7g1z/7Oan9moe0=,iW6gFMf35VRUBJ+v4j7+UUQOuEQ=
12,107,FbXxUyycwl4kk7g1z/7Oan9moe0=,iW6gFMf35VRUBJ+v4j7+UUQOuEQ=
11,107,FbXxUyycwl4kk7g1z/7Oan9moe0=,iW6gFMf35VRUBJ+v4j7+UUQOuEQ=
10,107,FbXxUyycwl4kk7g1z/7Oan9moe0=,iW6gFMf35VRUBJ+v4j7+UUQOuEQ=
9,107,FbXxUyycwl4kk7g1z/7Oan9moe0=,iW6gFMf35VRUBJ+v4j7+UUQOuEQ=
8,107,FbXxUyycwl4kk7g1z/7Oan9moe0=,iW6gFMf35VRUBJ+v4j7+UUQOuEQ=
7,107,FbXxUyycwl4kk7g1z/7Oan9moe0=,iW6gFMf35VRUBJ+v4j7+UUQOuEQ=
6,107,FbXxUyycwl4kk7g1z/7Oan9moe0=,iW6gFMf35VRUBJ+v4j7+UUQOuEQ=
5,107,FbXxUyycwl4kk7g1z/7Oan9moe0=,iW6gFMf35VRUBJ+v4j7+UUQOuEQ=
9,97,FbXxUyycwl4kk7g1z/7Oan9moe0=,iW6gFMf35VRUBJ+v4j7+UUQOuEQ=
0,109,FbXxUyycwl4kk7g1z/7Oan9moe0=,iW6gFMf35VRUBJ+v4j7+UUQOuEQ=
2,108,FbXxUyycwl4kk7g1z/7Oan9moe0=,iW6gFMf35VRUBJ+v4j7+UUQOuEQ=
0,108,FbXxUyycwl4kk7g1z/7Oan9moe0=,iW6gFMf35VRUBJ+v4j7+UUQOuEQ=
7,98,FbXxUyycwl4kk7g1z/7Oan9moe0=,iW6gFMf35VRUBJ+v4j7+UUQOuEQ=
8,98,FbXxUyycwl4kk7g1z/7Oan9moe0=,iW6gFMf35VRUBJ+v4j7+UUQOuEQ=
9,98,FbXxUyycwl4kk7g1z/7Oan9moe0=,iW6gFMf35VRUBJ+v4j7+UUQOuEQ=
10,98,FbXxUyycwl4kk7g1z/7Oan9moe0=,iW6gFMf35VRUBJ+v4j7+UUQOuEQ=
11,98,FbXxUyycwl4kk7g1z/7Oan9moe0=,iW6gFMf35VRUBJ+v4j7+UUQOuEQ=
12,98,FbXxUyycwl4kk7g1z/7Oan9moe0=,iW6gFMf35VRUBJ+v4j7+UUQOuEQ=
13,98,FbXxUyycwl4kk7g1z/7Oan9moe0=,iW6gFMf35VRUBJ+v4j7+UUQOuEQ=
0,97,FbXxUyycwl4kk7g1z/7Oan9moe0=,iW6gFMf35VRUBJ+v4j7+UUQOuEQ=
14,98,FbXxUyycwl4kk7g1z/7Oan9moe0=,iW6gFMf35VRUBJ+v4j7+UUQOuEQ=
15,98,FbXxUyycwl4kk7g1z/7Oan9moe0=,iW6gFMf35VRUBJ+v4j7+UUQOuEQ=
0,99,FbXxUyycwl4kk7g1z/7Oan9moe0=,iW6gFMf35VRUBJ+v4j7+UUQOuEQ=
0,111,FbXxUyycwl4kk7g1z/7Oan9moe0=,iW6gFMf35VRUBJ+v4j7+UUQOuEQ=
2,109,FbXxUyycwl4kk7g1z/7Oan9moe0=,iW6gFMf35VRUBJ+v4j7+UUQOuEQ=
15,106,FbXxUyycwl4kk7g1z/7Oan9moe0=,iW6gFMf35VRUBJ+v4j7+UUQOuEQ=
1,109,FbXxUyycwl4kk7g1z/7Oan9moe0=,iW6gFMf35VRUBJ+v4j7+UUQOuEQ=
14,106,FbXxUyycwl4kk7g1z/7Oan9moe0=,iW6gFMf35VRUBJ+v4j7+UUQOuEQ=
13,106,FbXxUyycwl4kk7g1z/7Oan9moe0=,iW6gFMf35VRUBJ+v4j7+UUQOuEQ=
10,106,FbXxUyycwl4kk7g1z/7Oan9moe0=,iW6gFMf35VRUBJ+v4j7+UUQOuEQ=
11,106,FbXxUyycwl4kk7g1z/7Oan9moe0=,iW6gFMf35VRUBJ+v4j7+UUQOuEQ=
9,106,FbXxUyycwl4kk7g1z/7Oan9moe0=,iW6gFMf35VRUBJ+v4j7+UUQOuEQ=
12,106,FbXxUyycwl4kk7g1z/7Oan9moe0=,iW6gFMf35VRUBJ+v4j7+UUQOuEQ=
7,106,FbXxUyycwl4kk7g1z/7Oan9moe0=,iW6gFMf35VRUBJ+v4j7+UUQOuEQ=
6,106,FbXxUyycwl4kk7g1z/7Oan9moe0=,iW6gFMf35VRUBJ+v4j7+UUQOuEQ=
5,106,FbXxUyycwl4kk7g1z/7Oan9moe0=,iW6gFMf35VRUBJ+v4j7+UUQOuEQ=
4,106,FbXxUyycwl4kk7g1z/7Oan9moe0=,iW6gFMf35VRUBJ+v4j7+UUQOuEQ=
11,97,FbXxUyycwl4kk7g1z/7Oan9moe0=,iW6gFMf35VRUBJ+v4j7+UUQOuEQ=
8,106,FbXxUyycwl4kk7g1z/7Oan9moe0=,iW6gFMf35VRUBJ+v4j7+UUQOuEQ=
4,107,FbXxUyycwl4kk7g1z/7Oan9moe0=,iW6gFMf35VRUBJ+v4j7+UUQOuEQ=
1,110,FbXxUyycwl4kk7g1z/7Oan9moe0=,iW6gFMf35VRUBJ+v4j7+UUQOuEQ=
15,105,FbXxUyycwl4kk7g1z/7Oan9moe0=,iW6gFMf35VRUBJ+v4j7+UUQOuEQ=
1,107,FbXxUyycwl4kk7g1z/7Oan9moe0=,iW6gFMf35VRUBJ+v4j7+UUQOuEQ=
13,105,FbXxUyycwl4kk7g1z/7Oan9moe0=,iW6gFMf35VRUBJ+v4j7+UUQOuEQ=
12,105,FbXxUyycwl4kk7g1z/7Oan9moe0=,iW6gFMf35VRUBJ+v4j7+UUQOuEQ=
11,105,FbXxUyycwl4kk7g1z/7Oan9moe0=,iW6gFMf35VRUBJ+v4j7+UUQOuEQ=
10,105,FbXxUyycwl4kk7g1z/7Oan9moe0=,iW6gFMf35VRUBJ+v4j7+UUQOuEQ=
9,105,FbXxUyycwl4kk7g1z/7Oan9moe0=,iW6gFMf35VRUBJ+v4j7+UUQOuEQ=
8,105,FbXxUyycwl4kk7g1z/7Oan9moe0=,iW6gFMf35VRUBJ+v4j7+UUQOuEQ=
7,105,FbXxUyycwl4kk7g1z/7Oan9moe0=,iW6gFMf35VRUBJ+v4j7+UUQOuEQ=
7,97,FbXxUyycwl4kk7g1z/7Oan9moe0=,iW6gFMf35VRUBJ+v4j7+UUQOuEQ=
6,105,FbXxUyycwl4kk7g1z/7Oan9moe0=,iW6gFMf35VRUBJ+v4j7+UUQOuEQ=
5,105,FbXxUyycwl4kk7g1z/7Oan9moe0=,iW6gFMf35VRUBJ+v4j7+UUQOuEQ=
4,105,FbXxUyycwl4kk7g1z/7Oan9moe0=,iW6gFMf35VRUBJ+v4j7+UUQOuEQ=
14,105,FbXxUyycwl4kk7g1z/7Oan9moe0=,iW6gFMf35VRUBJ+v4j7+UUQOuEQ=
8,97,FbXxUyycwl4kk7g1z/7Oan9moe0=,iW6gFMf35VRUBJ+v4j7+UUQOuEQ=
3,107,FbXxUyycwl4kk7g1z/7Oan9moe0=,iW6gFMf35VRUBJ+v4j7+UUQOuEQ=
1,106,FbXxUyycwl4kk7g1z/7Oan9moe0=,iW6gFMf35VRUBJ+v4j7+UUQOuEQ=
15,104,FbXxUyycwl4kk7g1z/7Oan9moe0=,iW6gFMf35VRUBJ+v4j7+UUQOuEQ=
14,104,FbXxUyycwl4kk7g1z/7Oan9moe0=,iW6gFMf35VRUBJ+v4j7+UUQOuEQ=
13,104,FbXxUyycwl4kk7g1z/7Oan9moe0=,iW6gFMf35VRUBJ+v4j7+UUQOuEQ=
12,104,FbXxUyycwl4kk7g1z/7Oan9moe0=,iW6gFMf35VRUBJ+v4j7+UUQOuEQ=
11,104,FbXxUyycwl4kk7g1z/7Oan9moe0=,iW6gFMf35VRUBJ+v4j7+UUQOuEQ=
10,104,FbXxUyycwl4kk7g1z/7Oan9moe0=,iW6gFMf35VRUBJ+v4j7+UUQOuEQ=
2,107,FbXxUyycwl4kk7g1z/7Oan9moe0=,iW6gFMf35VRUBJ+v4j7+UUQOuEQ=
8,104,FbXxUyycwl4kk7g1z/7Oan9moe0=,iW6gFMf35VRUBJ+v4j7+UUQOuEQ=
6,97,FbXxUyycwl4kk7g1z/7Oan9moe0=,iW6gFMf35VRUBJ+v4j7+UUQOuEQ=
7,104,FbXxUyycwl4kk7g1z/7Oan9moe0=,iW6gFMf35VRUBJ+v4j7+UUQOuEQ=
3,106,FbXxUyycwl4kk7g1z/7Oan9moe0=,iW6gFMf35VRUBJ+v4j7+UUQOuEQ=
6,104,FbXxUyycwl4kk7g1z/7Oan9moe0=,iW6gFMf35VRUBJ+v4j7+UUQOuEQ=
5,104,FbXxUyycwl4kk7g1z/7Oan9moe0=,iW6gFMf35VRUBJ+v4j7+UUQOuEQ=
4,104,FbXxUyycwl4kk7g1z/7Oan9moe0=,iW6gFMf35VRUBJ+v4j7+UUQOuEQ=
3,104,FbXxUyycwl4kk7g1z/7Oan9moe0=,iW6gFMf35VRUBJ+v4j7+UUQOuEQ=
1,99,FbXxUyycwl4kk7g1z/7Oan9moe0=,iW6gFMf35VRUBJ+v4j7+UUQOuEQ=
9,104,FbXxUyycwl4kk7g1z/7Oan9moe0=,iW6gFMf35VRUBJ+v4j7+UUQOuEQ=
2,99,FbXxUyycwl4kk7g1z/7Oan9moe0=,iW6gFMf35VRUBJ+v4j7+UUQOuEQ=
4,108,FbXxUyycwl4kk7g1z/7Oan9moe0=,iW6gFMf35VRUBJ+v4j7+UUQOuEQ=
15,103,FbXxUyycwl4kk7g1z/7Oan9moe0=,iW6gFMf35VRUBJ+v4j7+UUQOuEQ=
14,103,FbXxUyycwl4kk7g1z/7Oan9moe0=,iW6gFMf35VRUBJ+v4j7+UUQOuEQ=
0,105,FbXxUyycwl4kk7g1z/7Oan9moe0=,iW6gFMf35VRUBJ+v4j7+UUQOuEQ=
2,106,FbXxUyycwl4kk7g1z/7Oan9moe0=,iW6gFMf35VRUBJ+v4j7+UUQOuEQ=
12,103,FbXxUyycwl4kk7g1z/7Oan9moe0=,iW6gFMf35VRUBJ+v4j7+UUQOuEQ=
11,103,FbXxUyycwl4kk7g1z/7Oan9moe0=,iW6gFMf35VRUBJ+v4j7+UUQOuEQ=
10,103,FbXxUyycwl4kk7g1z/7Oan9moe0=,iW6gFMf35VRUBJ+v4j7+UUQOuEQ=
9,103,FbXxUyycwl4kk7g1z/7Oan9moe0=,iW6gFMf35VRUBJ+v4j7+UUQOuEQ=
1,105,FbXxUyycwl4kk7g1z/7Oan9moe0=,iW6gFMf35VRUBJ+v4j7+UUQOuEQ=
5,97,FbXxUyycwl4kk7g1z/7Oan9moe0=,iW6gFMf35VRUBJ+v4j7+UUQOuEQ=
8,103,FbXxUyycwl4kk7g1z/7Oan9moe0=,iW6gFMf35VRUBJ+v4j7+UUQOuEQ=
13,103,FbXxUyycwl4kk7g1z/7Oan9moe0=,iW6gFMf35VRUBJ+v4j7+UUQOuEQ=
7,103,FbXxUyycwl4kk7g1z/7Oan9moe0=,iW6gFMf35VRUBJ+v4j7+UUQOuEQ=
6,103,FbXxUyycwl4kk7g1z/7Oan9moe0=,iW6gFMf35VRUBJ+v4j7+UUQOuEQ=
5,103,FbXxUyycwl4kk7g1z/7Oan9moe0=,iW6gFMf35VRUBJ+v4j7+UUQOuEQ=
4,103,FbXxUyycwl4kk7g1z/7Oan9moe0=,iW6gFMf35VRUBJ+v4j7+UUQOuEQ=
2,105,FbXxUyycwl4kk7g1z/7Oan9moe0=,iW6gFMf35VRUBJ+v4j7+UUQOuEQ=
0,107,FbXxUyycwl4kk7g1z/7Oan9moe0=,iW6gFMf35VRUBJ+v4j7+UUQOuEQ=
15,102,FbXxUyycwl4kk7g1z/7Oan9moe0=,iW6gFMf35VRUBJ+v4j7+UUQOuEQ=
14,102,FbXxUyycwl4kk7g1z/7Oan9moe0=,iW6gFMf35VRUBJ+v4j7+UUQOuEQ=
13,102,FbXxUyycwl4kk7g1z/7Oan9moe0=,iW6gFMf35VRUBJ+v4j7+UUQOuEQ=
11,102,FbXxUyycwl4kk7g1z/7Oan9moe0=,iW6gFMf35VRUBJ+v4j7+UUQOuEQ=
10,102,FbXxUyycwl4kk7g1z/7Oan9moe0=,iW6gFMf35VRUBJ+v4j7+UUQOuEQ=
4,97,FbXxUyycwl4kk7g1z/7Oan9moe0=,iW6gFMf35VRUBJ+v4j7+UUQOuEQ=
9,102,FbXxUyycwl4kk7g1z/7Oan9moe0=,iW6gFMf35VRUBJ+v4j7+UUQOuEQ=
8,102,FbXxUyycwl4kk7g1z/7Oan9moe0=,iW6gFMf35VRUBJ+v4j7+UUQOuEQ=
7,102,FbXxUyycwl4kk7g1z/7Oan9moe0=,iW6gFMf35VRUBJ+v4j7+UUQOuEQ=
6,102,FbXxUyycwl4kk7g1z/7Oan9moe0=,iW6gFMf35VRUBJ+v4j7+UUQOuEQ=
5,102,FbXxUyycwl4kk7g1z/7Oan9moe0=,iW6gFMf35VRUBJ+v4j7+UUQOuEQ=
3,103,FbXxUyycwl4kk7g1z/7Oan9moe0=,iW6gFMf35VRUBJ+v4j7+UUQOuEQ=
2,102,FbXxUyycwl4kk7g1z/7Oan9moe0=,iW6gFMf35VRUBJ+v4j7+UUQOuEQ=
1,102,FbXxUyycwl4kk7g1z/7Oan9moe0=,iW6gFMf35VRUBJ+v4j7+UUQOuEQ=
12,102,FbXxUyycwl4kk7g1z/7Oan9moe0=,iW6gFMf35VRUBJ+v4j7+UUQOuEQ=
0,104,FbXxUyycwl4kk7g1z/7Oan9moe0=,iW6gFMf35VRUBJ+v4j7+UUQOuEQ=
1,103,FbXxUyycwl4kk7g1z/7Oan9moe0=,iW6gFMf35VRUBJ+v4j7+UUQOuEQ=
15,101,FbXxUyycwl4kk7g1z/7Oan9moe0=,iW6gFMf35VRUBJ+v4j7+UUQOuEQ=
14,101,FbXxUyycwl4kk7g1z/7Oan9moe0=,iW6gFMf35VRUBJ+v4j7+UUQOuEQ=
13,101,FbXxUyycwl4kk7g1z/7Oan9moe0=,iW6gFMf35VRUBJ+v4j7+UUQOuEQ=
11,101,FbXxUyycwl4kk7g1z/7Oan9moe0=,iW6gFMf35VRUBJ+v4j7+UUQOuEQ=
12,101,FbXxUyycwl4kk7g1z/7Oan9moe0=,iW6gFMf35VRUBJ+v4j7+UUQOuEQ=
3,97,FbXxUyycwl4kk7g1z/7Oan9moe0=,iW6gFMf35VRUBJ+v4j7+UUQOuEQ=
9,101,FbXxUyycwl4kk7g1z/7Oan9moe0=,iW6gFMf35VRUBJ+v4j7+UUQOuEQ=
8,101,FbXxUyycwl4kk7g1z/7Oan9moe0=,iW6gFMf35VRUBJ+v4j7+UUQOuEQ=
7,101,FbXxUyycwl4kk7g1z/7Oan9moe0=,iW6gFMf35VRUBJ+v4j7+UUQOuEQ=
0,106,FbXxUyycwl4kk7g1z/7Oan9moe0=,iW6gFMf35VRUBJ+v4j7+UUQOuEQ=
3,102,FbXxUyycwl4kk7g1z/7Oan9moe0=,iW6gFMf35VRUBJ+v4j7+UUQOuEQ=
2,103,FbXxUyycwl4kk7g1z/7Oan9moe0=,iW6gFMf35VRUBJ+v4j7+UUQOuEQ=
2,104,FbXxUyycwl4kk7g1z/7Oan9moe0=,iW6gFMf35VRUBJ+v4j7+UUQOuEQ=
4,102,FbXxUyycwl4kk7g1z/7Oan9moe0=,iW6gFMf35VRUBJ+v4j7+UUQOuEQ=
4,101,FbXxUyycwl4kk7g1z/7Oan9moe0=,iW6gFMf35VRUBJ+v4j7+UUQOuEQ=
3,105,FbXxUyycwl4kk7g1z/7Oan9moe0=,iW6gFMf35VRUBJ+v4j7+UUQOuEQ=
15,100,FbXxUyycwl4kk7g1z/7Oan9moe0=,iW6gFMf35VRUBJ+v4j7+UUQOuEQ=
14,100,FbXxUyycwl4kk7g1z/7Oan9moe0=,iW6gFMf35VRUBJ+v4j7+UUQOuEQ=
13,100,FbXxUyycwl4kk7g1z/7Oan9moe0=,iW6gFMf35VRUBJ+v4j7+UUQOuEQ=
12,100,FbXxUyycwl4kk7g1z/7Oan9moe0=,iW6gFMf35VRUBJ+v4j7+UUQOuEQ=
2,97,FbXxUyycwl4kk7g1z/7Oan9moe0=,iW6gFMf35VRUBJ+v4j7+UUQOuEQ=
11,100,FbXxUyycwl4kk7g1z/7Oan9moe0=,iW6gFMf35VRUBJ+v4j7+UUQOuEQ=
0,102,FbXxUyycwl4kk7g1z/7Oan9moe0=,iW6gFMf35VRUBJ+v4j7+UUQOuEQ=
10,100,FbXxUyycwl4kk7g1z/7Oan9moe0=,iW6gFMf35VRUBJ+v4j7+UUQOuEQ=
6,101,FbXxUyycwl4kk7g1z/7Oan9moe0=,iW6gFMf35VRUBJ+v4j7+UUQOuEQ=
9,100,FbXxUyycwl4kk7g1z/7Oan9moe0=,iW6gFMf35VRUBJ+v4j7+UUQOuEQ=
8,100,FbXxUyycwl4kk7g1z/7Oan9moe0=,iW6gFMf35VRUBJ+v4j7+UUQOuEQ=
7,100,FbXxUyycwl4kk7g1z/7Oan9moe0=,iW6gFMf35VRUBJ+v4j7+UUQOuEQ=
5,101,FbXxUyycwl4kk7g1z/7Oan9moe0=,iW6gFMf35VRUBJ+v4j7+UUQOuEQ=
4,100,FbXxUyycwl4kk7g1z/7Oan9moe0=,iW6gFMf35VRUBJ+v4j7+UUQOuEQ=
3,100,FbXxUyycwl4kk7g1z/7Oan9moe0=,iW6gFMf35VRUBJ+v4j7+UUQOuEQ=
2,100,FbXxUyycwl4kk7g1z/7Oan9moe0=,iW6gFMf35VRUBJ+v4j7+UUQOuEQ=
1,100,FbXxUyycwl4kk7g1z/7Oan9moe0=,iW6gFMf35VRUBJ+v4j7+UUQOuEQ=
0,100,FbXxUyycwl4kk7g1z/7Oan9moe0=,iW6gFMf35VRUBJ+v4j7+UUQOuEQ=
14,99,FbXxUyycwl4kk7g1z/7Oan9moe0=,iW6gFMf35VRUBJ+v4j7+UUQOuEQ=
1,97,FbXxUyycwl4kk7g1z/7Oan9moe0=,iW6gFMf35VRUBJ+v4j7+UUQOuEQ=
12,99,FbXxUyycwl4kk7g1z/7Oan9moe0=,iW6gFMf35VRUBJ+v4j7+UUQOuEQ=
15,99,FbXxUyycwl4kk7g1z/7Oan9moe0=,iW6gFMf35VRUBJ+v4j7+UUQOuEQ=
11,99,FbXxUyycwl4kk7g1z/7Oan9moe0=,iW6gFMf35VRUBJ+v4j7+UUQOuEQ=
10,99,FbXxUyycwl4kk7g1z/7Oan9moe0=,iW6gFMf35VRUBJ+v4j7+UUQOuEQ=
13,99,FbXxUyycwl4kk7g1z/7Oan9moe0=,iW6gFMf35VRUBJ+v4j7+UUQOuEQ=
9,99,FbXxUyycwl4kk7g1z/7Oan9moe0=,iW6gFMf35VRUBJ+v4j7+UUQOuEQ=
8,99,FbXxUyycwl4kk7g1z/7Oan9moe0=,iW6gFMf35VRUBJ+v4j7+UUQOuEQ=
3,99,FbXxUyycwl4kk7g1z/7Oan9moe0=,iW6gFMf35VRUBJ+v4j7+UUQOuEQ=
3,101,FbXxUyycwl4kk7g1z/7Oan9moe0=,iW6gFMf35VRUBJ+v4j7+UUQOuEQ=
4,99,FbXxUyycwl4kk7g1z/7Oan9moe0=,iW6gFMf35VRUBJ+v4j7+UUQOuEQ=
5,99,FbXxUyycwl4kk7g1z/7Oan9moe0=,iW6gFMf35VRUBJ+v4j7+UUQOuEQ=
6,100,FbXxUyycwl4kk7g1z/7Oan9moe0=,iW6gFMf35VRUBJ+v4j7+UUQOuEQ=
5,100,FbXxUyycwl4kk7g1z/7Oan9moe0=,iW6gFMf35VRUBJ+v4j7+UUQOuEQ=
1,101,FbXxUyycwl4kk7g1z/7Oan9moe0=,iW6gFMf35VRUBJ+v4j7+UUQOuEQ=
7,99,FbXxUyycwl4kk7g1z/7Oan9moe0=,iW6gFMf35VRUBJ+v4j7+UUQOuEQ=
2,101,FbXxUyycwl4kk7g1z/7Oan9moe0=,iW6gFMf35VRUBJ+v4j7+UUQOuEQ=
0,103,FbXxUyycwl4kk7g1z/7Oan9moe0=,iW6gFMf35VRUBJ+v4j7+UUQOuEQ=
0,101,FbXxUyycwl4kk7g1z/7Oan9moe0=,iW6gFMf35VRUBJ+v4j7+UUQOuEQ=
10,101,FbXxUyycwl4kk7g1z/7Oan9moe0=,iW6gFMf35VRUBJ+v4j7+UUQOuEQ=
1,104,FbXxUyycwl4kk7g1z/7Oan9moe0=,iW6gFMf35VRUBJ+v4j7+UUQOuEQ=
6,99,FbXxUyycwl4kk7g1z/7Oan9moe0=,iW6gFMf35VRUBJ+v4j7+UUQOuEQ=
31,111,FbXxUyycwl4kk7g1z/7Oan9moe0=,iW6gFMf35VRUBJ+v4j7+UUQOuEQ=
31,96,FbXxUyycwl4kk7g1z/7Oan9moe0=,iW6gFMf35VRUBJ+v4j7+UUQOuEQ=
30,111,FbXxUyycwl4kk7g1z/7Oan9moe0=,iW6gFMf35VRUBJ+v4j7+UUQOuEQ=
28,111,FbXxUyycwl4kk7g1z/7Oan9moe0=,iW6gFMf35VRUBJ+v4j7+UUQOuEQ=
29,111,FbXxUyycwl4kk7g1z/7Oan9moe0=,iW6gFMf35VRUBJ+v4j7+UUQOuEQ=
16,97,FbXxUyycwl4kk7g1z/7Oan9moe0=,iW6gFMf35VRUBJ+v4j7+UUQOuEQ=
26,111,FbXxUyycwl4kk7g1z/7Oan9moe0=,iW6gFMf35VRUBJ+v4j7+UUQOuEQ=
27,111,FbXxUyycwl4kk7g1z/7Oan9moe0=,iW6gFMf35VRUBJ+v4j7+UUQOuEQ=
16,96,FbXxUyycwl4kk7g1z/7Oan9moe0=,iW6gFMf35VRUBJ+v4j7+UUQOuEQ=
25,111,FbXxUyycwl4kk7g1z/7Oan9moe0=,iW6gFMf35VRUBJ+v4j7+UUQOuEQ=
23,111,FbXxUyycwl4kk7g1z/7Oan9moe0=,iW6gFMf35VRUBJ+v4j7+UUQOuEQ=
17,97,FbXxUyycwl4kk7g1z/7Oan9moe0=,iW6gFMf35VRUBJ+v4j7+UUQOuEQ=
21,111,FbXxUyycwl4kk7g1z/7Oan9moe0=,iW6gFMf35VRUBJ+v4j7+UUQOuEQ=
24,111,FbXxUyycwl4kk7g1z/7Oan9moe0=,iW6gFMf35VRUBJ+v4j7+UUQOuEQ=
19,97,FbXxUyycwl4kk7g1z/7Oan9moe0=,iW6gFMf35VRUBJ+v4j7+UUQOuEQ=
18,97,FbXxUyycwl4kk7g1z/7Oan9moe0=,iW6gFMf35VRUBJ+v4j7+UUQOuEQ=
20,97,FbXxUyycwl4kk7g1z/7Oan9moe0=,iW6gFMf35VRUBJ+v4j7+UUQOuEQ=
22,111,FbXxUyycwl4kk7g1z/7Oan9moe0=,iW6gFMf35VRUBJ+v4j7+UUQOuEQ=
20,111,FbXxUyycwl4kk7g1z/7Oan9moe0=,iW6gFMf35VRUBJ+v4j7+UUQOuEQ=
21,97,FbXxUyycwl4kk7g1z/7Oan9moe0=,iW6gFMf35VRUBJ+v4j7+UUQOuEQ=
19,111,FbXxUyycwl4kk7g1z/7Oan9moe0=,iW6gFMf35VRUBJ+v4j7+UUQOuEQ=
22,97,FbXxUyycwl4kk7g1z/7Oan9moe0=,iW6gFMf35VRUBJ+v4j7+UUQOuEQ=
23,97,FbXxUyycwl4kk7g1z/7Oan9moe0=,iW6gFMf35VRUBJ+v4j7+UUQOuEQ=
18,111,FbXxUyycwl4kk7g1z/7Oan9moe0=,iW6gFMf35VRUBJ+v4j7+UUQOuEQ=
16,111,FbXxUyycwl4kk7g1z/7Oan9moe0=,iW6gFMf35VRUBJ+v4j7+UUQOuEQ=
24,97,FbXxUyycwl4kk7g1z/7Oan9moe0=,iW6gFMf35VRUBJ+v4j7+UUQOuEQ=
25,97,FbXxUyycwl4kk7g1z/7Oan9moe0=,iW6gFMf35VRUBJ+v4j7+UUQOuEQ=
31,110,FbXxUyycwl4kk7g1z/7Oan9moe0=,iW6gFMf35VRUBJ+v4j7+UUQOuEQ=
26,97,FbXxUyycwl4kk7g1z/7Oan9moe0=,iW6gFMf35VRUBJ+v4j7+UUQOuEQ=
27,97,FbXxUyycwl4kk7g1z/7Oan9moe0=,iW6gFMf35VRUBJ+v4j7+UUQOuEQ=
30,110,FbXxUyycwl4kk7g1z/7Oan9moe0=,iW6gFMf35VRUBJ+v4j7+UUQOuEQ=
28,97,FbXxUyycwl4kk7g1z/7Oan9moe0=,iW6gFMf35VRUBJ+v4j7+UUQOuEQ=
29,110,FbXxUyycwl4kk7g1z/7Oan9moe0=,iW6gFMf35VRUBJ+v4j7+UUQOuEQ=
29,97,FbXxUyycwl4kk7g1z/7Oan9moe0=,iW6gFMf35VRUBJ+v4j7+UUQOuEQ=
17,111,FbXxUyycwl4kk7g1z/7Oan9moe0=,iW6gFMf35VRUBJ+v4j7+UUQOuEQ=
28,110,FbXxUyycwl4kk7g1z/7Oan9moe0=,iW6gFMf35VRUBJ+v4j7+UUQOuEQ=
27,110,FbXxUyycwl4kk7g1z/7Oan9moe0=,iW6gFMf35VRUBJ+v4j7+UUQOuEQ=
30,97,FbXxUyycwl4kk7g1z/7Oan9moe0=,iW6gFMf35VRUBJ+v4j7+UUQOuEQ=
17,96,FbXxUyycwl4kk7g1z/7Oan9moe0=,iW6gFMf35VRUBJ+v4j7+UUQOuEQ=
26,110,FbXxUyycwl4kk7g1z/7Oan9moe0=,iW6gFMf35VRUBJ+v4j7+UUQOuEQ=
25,110,FbXxUyycwl4kk7g1z/7Oan9moe0=,iW6gFMf35VRUBJ+v4j7+UUQOuEQ=
31,97,FbXxUyycwl4kk7g1z/7Oan9moe0=,iW6gFMf35VRUBJ+v4j7+UUQOuEQ=
23,110,FbXxUyycwl4kk7g1z/7Oan9moe0=,iW6gFMf35VRUBJ+v4j7+UUQOuEQ=
18,96,FbXxUyycwl4kk7g1z/7Oan9moe0=,iW6gFMf35VRUBJ+v4j7+UUQOuEQ=
16,98,FbXxUyycwl4kk7g1z/7Oan9moe0=,iW6gFMf35VRUBJ+v4j7+UUQOuEQ=
22,110,FbXxUyycwl4kk7g1z/7Oan9moe0=,iW6gFMf35VRUBJ+v4j7+UUQOuEQ=
24,110,FbXxUyycwl4kk7g1z/7Oan9moe0=,iW6gFMf35VRUBJ+v4j7+UUQOuEQ=
21,110,FbXxUyycwl4kk7g1z/7Oan9moe0=,iW6gFMf35VRUBJ+v4j7+UUQOuEQ=
18,98,FbXxUyycwl4kk7g1z/7Oan9moe0=,iW6gFMf35VRUBJ+v4j7+UUQOuEQ=
17,98,FbXxUyycwl4kk7g1z/7Oan9moe0=,iW6gFMf35VRUBJ+v4j7+UUQOuEQ=
19,110,FbXxUyycwl4kk7g1z/7Oan9moe0=,iW6gFMf35VRUBJ+v4j7+UUQOuEQ=
19,98,FbXxUyycwl4kk7g1z/7Oan9moe0=,iW6gFMf35VRUBJ+v4j7+UUQOuEQ=
18,110,FbXxUyycwl4kk7g1z/7Oan9moe0=,iW6gFMf35VRUBJ+v4j7+UUQOuEQ=
20,98,FbXxUyycwl4kk7g1z/7Oan9moe0=,iW6gFMf35VRUBJ+v4j7+UUQOuEQ=
16,110,FbXxUyycwl4kk7g1z/7Oan9moe0=,iW6gFMf35VRUBJ+v4j7+UUQOuEQ=
21,98,FbXxUyycwl4kk7g1z/7Oan9moe0=,iW6gFMf35VRUBJ+v4j7+UUQOuEQ=
17,110,FbXxUyycwl4kk7g1z/7Oan9moe0=,iW6gFMf35VRUBJ+v4j7+UUQOuEQ=
31,109,FbXxUyycwl4kk7g1z/7Oan9moe0=,iW6gFMf35VRUBJ+v4j7+UUQOuEQ=
22,98,FbXxUyycwl4kk7g1z/7Oan9moe0=,iW6gFMf35VRUBJ+v4j7+UUQOuEQ=
30,96,FbXxUyycwl4kk7g1z/7Oan9moe0=,iW6gFMf35VRUBJ+v4j7+UUQOuEQ=
23,98,FbXxUyycwl4kk7g1z/7Oan9moe0=,iW6gFMf35VRUBJ+v4j7+UUQOuEQ=
30,109,FbXxUyycwl4kk7g1z/7Oan9moe0=,iW6gFMf35VRUBJ+v4j7+UUQOuEQ=
20,110,FbXxUyycwl4kk7g1z/7Oan9moe0=,iW6gFMf35VRUBJ+v4j7+UUQOuEQ=
24,98,FbXxUyycwl4kk7g1z/7Oan9moe0=,iW6gFMf35VRUBJ+v4j7+UUQOuEQ=
28,109,FbXxUyycwl4kk7g1z/7Oan9moe0=,iW6gFMf35VRUBJ+v4j7+UUQOuEQ=
27,109,FbXxUyycwl4kk7g1z/7Oan9moe0=,iW6gFMf35VRUBJ+v4j7+UUQOuEQ=
25,98,FbXxUyycwl4kk7g1z/7Oan9moe0=,iW6gFMf35VRUBJ+v4j7+UUQOuEQ=
26,109,FbXxUyycwl4kk7g1z/7Oan9moe0=,iW6gFMf35VRUBJ+v4j7+UUQOuEQ=
26,98,FbXxUyycwl4kk7g1z/7Oan9moe0=,iW6gFMf35VRUBJ+v4j7+UUQOuEQ=
25,109,FbXxUyycwl4kk7g1z/7Oan9moe0=,iW6gFMf35VRUBJ+v4j7+UUQOuEQ=
29,109,FbXxUyycwl4kk7g1z/7Oan9moe0=,iW6gFMf35VRUBJ+v4j7+UUQOuEQ=
22,109,FbXxUyycwl4kk7g1z/7Oan9moe0=,iW6gFMf35VRUBJ+v4j7+UUQOuEQ=
24,109,FbXxUyycwl4kk7g1z/7Oan9moe0=,iW6gFMf35VRUBJ+v4j7+UUQOuEQ=
21,109,FbXxUyycwl4kk7g1z/7Oan9moe0=,iW6gFMf35VRUBJ+v4j7+UUQOuEQ=
20,109,FbXxUyycwl4kk7g1z/7Oan9moe0=,iW6gFMf35VRUBJ+v4j7+UUQOuEQ=
18,109,FbXxUyycwl4kk7g1z/7Oan9moe0=,iW6gFMf35VRUBJ+v4j7+UUQOuEQ=
19,109,FbXxUyycwl4kk7g1z/7Oan9moe0=,iW6gFMf35VRUBJ+v4j7+UUQOuEQ=
27,98,FbXxUyycwl4kk7g1z/7Oan9moe0=,iW6gFMf35VRUBJ+v4j7+UUQOuEQ=
17,109,FbXxUyycwl4kk7g1z/7Oan9moe0=,iW6gFMf35VRUBJ+v4j7+UUQOuEQ=
28,98,FbXxUyycwl4kk7g1z/7Oan9moe0=,iW6gFMf35VRUBJ+v4j7+UUQOuEQ=
31,108,FbXxUyycwl4kk7g1z/7Oan9moe0=,iW6gFMf35VRUBJ+v4j7+UUQOuEQ=
30,108,FbXxUyycwl4kk7g1z/7Oan9moe0=,iW6gFMf35VRUBJ+v4j7+UUQOuEQ=
23,109,FbXxUyycwl4kk7g1z/7Oan9moe0=,iW6gFMf35VRUBJ+v4j7+UUQOuEQ=
16,109,FbXxUyycwl4kk7g1z/7Oan9moe0=,iW6gFMf35VRUBJ+v4j7+UUQOuEQ=
29,108,FbXxUyycwl4kk7g1z/7Oan9moe0=,iW6gFMf35VRUBJ+v4j7+UUQOuEQ=
28,108,FbXxUyycwl4kk7g1z/7Oan9moe0=,iW6gFMf35VRUBJ+v4j7+UUQOuEQ=
29,98,FbXxUyycwl4kk7g1z/7Oan9moe0=,iW6gFMf35VRUBJ+v4j7+UUQOuEQ=
26,108,FbXxUyycwl4kk7g1z/7Oan9moe0=,iW6gFMf35VRUBJ+v4j7+UUQOuEQ=
27,108,FbXxUyycwl4kk7g1z/7Oan9moe0=,iW6gFMf35VRUBJ+v4j7+UUQOuEQ=
30,98,FbXxUyycwl4kk7g1z/7Oan9moe0=,iW6gFMf35VRUBJ+v4j7+UUQOuEQ=
24,108,FbXxUyycwl4kk7g1z/7Oan9moe0=,iW6gFMf35VRUBJ+v4j7+UUQOuEQ=
25,108,FbXxUyycwl4kk7g1z/7Oan9moe0=,iW6gFMf35VRUBJ+v4j7+UUQOuEQ=
29,96,FbXxUyycwl4kk7g1z/7Oan9moe0=,iW6gFMf35VRUBJ+v4j7+UUQOuEQ=
23,108,FbXxUyycwl4kk7g1z/7Oan9moe0=,iW6gFMf35VRUBJ+v4j7+UUQOuEQ=
31,98,FbXxUyycwl4kk7g1z/7Oan9moe0=,iW6gFMf35VRUBJ+v4j7+UUQOuEQ=
22,108,FbXxUyycwl4kk7g1z/7Oan9moe0=,iW6gFMf35VRUBJ+v4j7+UUQOuEQ=
20,108,FbXxUyycwl4kk7g1z/7Oan9moe0=,iW6gFMf35VRUBJ+v4j7+UUQOuEQ=
19,108,FbXxUyycwl4kk7g1z/7Oan9moe0=,iW6gFMf35VRUBJ+v4j7+UUQOuEQ=
16,108,FbXxUyycwl4kk7g1z/7Oan9moe0=,iW6gFMf35VRUBJ+v4j7+UUQOuEQ=
19,96,FbXxUyycwl4kk7g1z/7Oan9moe0=,iW6gFMf35VRUBJ+v4j7+UUQOuEQ=
17,108,FbXxUyycwl4kk7g1z/7Oan9moe0=,iW6gFMf35VRUBJ+v4j7+UUQOuEQ=
18,108,FbXxUyycwl4kk7g1z/7Oan9moe0=,iW6gFMf35VRUBJ+v4j7+UUQOuEQ=
28,96,FbXxUyycwl4kk7g1z/7Oan9moe0=,iW6gFMf35VRUBJ+v4j7+UUQOuEQ=
21,108,FbXxUyycwl4kk7g1z/7Oan9moe0=,iW6gFMf35VRUBJ+v4j7+UUQOuEQ=
30,107,FbXxUyycwl4kk7g1z/7Oan9moe0=,iW6gFMf35VRUBJ+v4j7+UUQOuEQ=
16,99,FbXxUyycwl4kk7g1z/7Oan9moe0=,iW6gFMf35VRUBJ+v4j7+UUQOuEQ=
31,107,FbXxUyycwl4kk7g1z/7Oan9moe0=,iW6gFMf35VRUBJ+v4j7+UUQOuEQ=
28,107,FbXxUyycwl4kk7g1z/7Oan9moe0=,iW6gFMf35VRUBJ+v4j7+UUQOuEQ=
17,99,FbXxUyycwl4kk7g1z/7Oan9moe0=,iW6gFMf35VRUBJ+v4j7+UUQOuEQ=
27,107,FbXxUyycwl4kk7g1z/7Oan9moe0=,iW6gFMf35VRUBJ+v4j7+UUQOuEQ=
26,107,FbXxUyycwl4kk7g1z/7Oan9moe0=,iW6gFMf35VRUBJ+v4j7+UUQOuEQ=
25,107,FbXxUyycwl4kk7g1z/7Oan9moe0=,iW6gFMf35VRUBJ+v4j7+UUQOuEQ=
18,99,FbXxUyycwl4kk7g1z/7Oan9moe0=,iW6gFMf35VRUBJ+v4j7+UUQOuEQ=
23,107,FbXxUyycwl4kk7g1z/7Oan9moe0=,iW6gFMf35VRUBJ+v4j7+UUQOuEQ=
22,107,FbXxUyycwl4kk7g1z/7Oan9moe0=,iW6gFMf35VRUBJ+v4j7+UUQOuEQ=
21,107,FbXxUyycwl4kk7g1z/7Oan9moe0=,iW6gFMf35VRUBJ+v4j7+UUQOuEQ=
19,99,FbXxUyycwl4kk7g1z/7Oan9moe0=,iW6gFMf35VRUBJ+v4j7+UUQOuEQ=
20,107,FbXxUyycwl4kk7g1z/7Oan9moe0=,iW6gFMf35VRUBJ+v4j7+UUQOuEQ=
24,107,FbXxUyycwl4kk7g1z/7Oan9moe0=,iW6gFMf35VRUBJ+v4j7+UUQOuEQ=
19,107,FbXxUyycwl4kk7g1z/7Oan9moe0=,iW6gFMf35VRUBJ+v4j7+UUQOuEQ=
20,99,FbXxUyycwl4kk7g1z/7Oan9moe0=,iW6gFMf35VRUBJ+v4j7+UUQOuEQ=
29,107,FbXxUyycwl4kk7g1z/7Oan9moe0=,iW6gFMf35VRUBJ+v4j7+UUQOuEQ=
18,107,FbXxUyycwl4kk7g1z/7Oan9moe0=,iW6gFMf35VRUBJ+v4j7+UUQOuEQ=
16,107,FbXxUyycwl4kk7g1z/7Oan9moe0=,iW6gFMf35VRUBJ+v4j7+UUQOuEQ=
27,96,FbXxUyycwl4kk7g1z/7Oan9moe0=,iW6gFMf35VRUBJ+v4j7+UUQOuEQ=
21,99,FbXxUyycwl4kk7g1z/7Oan9moe0=,iW6gFMf35VRUBJ+v4j7+UUQOuEQ=
31,106,FbXxUyycwl4kk7g1z/7Oan9moe0=,iW6gFMf35VRUBJ+v4j7+UUQOuEQ=
17,107,FbXxUyycwl4kk7g1z/7Oan9moe0=,iW6gFMf35VRUBJ+v4j7+UUQOuEQ=
28,106,FbXxUyycwl4kk7g1z/7Oan9moe0=,iW6gFMf35VRUBJ+v4j7+UUQOuEQ=
29,106,FbXxUyycwl4kk7g1z/7Oan9moe0=,iW6gFMf35VRUBJ+v4j7+UUQOuEQ=
22,99,FbXxUyycwl4kk7g1z/7Oan9moe0=,iW6gFMf35VRUBJ+v4j7+UUQOuEQ=
26,106,FbXxUyycwl4kk7g1z/7Oan9moe0=,iW6gFMf35VRUBJ+v4j7+UUQOuEQ=
27,106,FbXxUyycwl4kk7g1z/7Oan9moe0=,iW6gFMf35VRUBJ+v4j7+UUQOuEQ=
30,106,FbXxUyycwl4kk7g1z/7Oan9moe0=,iW6gFMf35VRUBJ+v4j7+UUQOuEQ=
23,99,FbXxUyycwl4kk7g1z/7Oan9moe0=,iW6gFMf35VRUBJ+v4j7+UUQOuEQ=
25,106,FbXxUyycwl4kk7g1z/7Oan9moe0=,iW6gFMf35VRUBJ+v4j7+UUQOuEQ=
22,106,FbXxUyycwl4kk7g1z/7Oan9moe0=,iW6gFMf35VRUBJ+v4j7+UUQOuEQ=
21,106,FbXxUyycwl4kk7g1z/7Oan9moe0=,iW6gFMf35VRUBJ+v4j7+UUQOuEQ=
23,106,FbXxUyycwl4kk7g1z/7Oan9moe0=,iW6gFMf35VRUBJ+v4j7+UUQOuEQ=
19,106,FbXxUyycwl4kk7g1z/7Oan9moe0=,iW6gFMf35VRUBJ+v4j7+UUQOuEQ=
24,99,FbXxUyycwl4kk7g1z/7Oan9moe0=,iW6gFMf35VRUBJ+v4j7+UUQOuEQ=
17,106,FbXxUyycwl4kk7g1z/7Oan9moe0=,iW6gFMf35VRUBJ+v4j7+UUQOuEQ=
18,106,FbXxUyycwl4kk7g1z/7Oan9moe0=,iW6gFMf35VRUBJ+v4j7+UUQOuEQ=
24,106,FbXxUyycwl4kk7g1z/7Oan9moe0=,iW6gFMf35VRUBJ+v4j7+UUQOuEQ=
26,96,FbXxUyycwl4kk7g1z/7Oan9moe0=,iW6gFMf35VRUBJ+v4j7+UUQOuEQ=
31,105,FbXxUyycwl4kk7g1z/7Oan9moe0=,iW6gFMf35VRUBJ+v4j7+UUQOuEQ=
25,99,FbXxUyycwl4kk7g1z/7Oan9moe0=,iW6gFMf35VRUBJ+v4j7+UUQOuEQ=
20,106,FbXxUyycwl4kk7g1z/7Oan9moe0=,iW6gFMf35VRUBJ+v4j7+UUQOuEQ=
16,106,FbXxUyycwl4kk7g1z/7Oan9moe0=,iW6gFMf35VRUBJ+v4j7+UUQOuEQ=
30,105,FbXxUyycwl4kk7g1z/7Oan9moe0=,iW6gFMf35VRUBJ+v4j7+UUQOuEQ=
28,105,FbXxUyycwl4kk7g1z/7Oan9moe0=,iW6gFMf35VRUBJ+v4j7+UUQOuEQ=
27,105,FbXxUyycwl4kk7g1z/7Oan9moe0=,iW6gFMf35VRUBJ+v4j7+UUQOuEQ=
29,105,FbXxUyycwl4kk7g1z/7Oan9moe0=,iW6gFMf35VRUBJ+v4j7+UUQOuEQ=
26,105,FbXxUyycwl4kk7g1z/7Oan9moe0=,iW6gFMf35VRUBJ+v4j7+UUQOuEQ=
26,99,FbXxUyycwl4kk7g1z/7Oan9moe0=,iW6gFMf35VRUBJ+v4j7+UUQOuEQ=
24,105,FbXxUyycwl4kk7g1z/7Oan9moe0=,iW6gFMf35VRUBJ+v4j7+UUQOuEQ=
23,105,FbXxUyycwl4kk7g1z/7Oan9moe0=,iW6gFMf35VRUBJ+v4j7+UUQOuEQ=
25,105,FbXxUyycwl4kk7g1z/7Oan9moe0=,iW6gFMf35VRUBJ+v4j7+UUQOuEQ=
21,105,FbXxUyycwl4kk7g1z/7Oan9moe0=,iW6gFMf35VRUBJ+v4j7+UUQOuEQ=
19,105,FbXxUyycwl4kk7g1z/7Oan9moe0=,iW6gFMf35VRUBJ+v4j7+UUQOuEQ=
27,99,FbXxUyycwl4kk7g1z/7Oan9moe0=,iW6gFMf35VRUBJ+v4j7+UUQOuEQ=
20,105,FbXxUyycwl4kk7g1z/7Oan9moe0=,iW6gFMf35VRUBJ+v4j7+UUQOuEQ=
22,105,FbXxUyycwl4kk7g1z/7Oan9moe0=,iW6gFMf35VRUBJ+v4j7+UUQOuEQ=
18,105,FbXxUyycwl4kk7g1z/7Oan9moe0=,iW6gFMf35VRUBJ+v4j7+UUQOuEQ=
16,105,FbXxUyycwl4kk7g1z/7Oan9moe0=,iW6gFMf35VRUBJ+v4j7+UUQOuEQ=
17,105,FbXxUyycwl4kk7g1z/7Oan9moe0=,iW6gFMf35VRUBJ+v4j7+UUQOuEQ=
29,104,FbXxUyycwl4kk7g1z/7Oan9moe0=,iW6gFMf35VRUBJ+v4j7+UUQOuEQ=
30,104,FbXxUyycwl4kk7g1z/7Oan9moe0=,iW6gFMf35VRUBJ+v4j7+UUQOuEQ=
25,96,FbXxUyycwl4kk7g1z/7Oan9moe0=,iW6gFMf35VRUBJ+v4j7+UUQOuEQ=
28,104,FbXxUyycwl4kk7g1z/7Oan9moe0=,iW6gFMf35VRUBJ+v4j7+UUQOuEQ=
27,104,FbXxUyycwl4kk7g1z/7Oan9moe0=,iW6gFMf35VRUBJ+v4j7+UUQOuEQ=
31,104,FbXxUyycwl4kk7g1z/7Oan9moe0=,iW6gFMf35VRUBJ+v4j7+UUQOuEQ=
26,104,FbXxUyycwl4kk7g1z/7Oan9moe0=,iW6gFMf35VRUBJ+v4j7+UUQOuEQ=
24,104,FbXxUyycwl4kk7g1z/7Oan9moe0=,iW6gFMf35VRUBJ+v4j7+UUQOuEQ=
23,104,FbXxUyycwl4kk7g1z/7Oan9moe0=,iW6gFMf35VRUBJ+v4j7+UUQOuEQ=
25,104,FbXxUyycwl4kk7g1z/7Oan9moe0=,iW6gFMf35VRUBJ+v4j7+UUQOuEQ=
20,104,FbXxUyycwl4kk7g1z/7Oan9moe0=,iW6gFMf35VRUBJ+v4j7+UUQOuEQ=
22,104,FbXxUyycwl4kk7g1z/7Oan9moe0=,iW6gFMf35VRUBJ+v4j7+UUQOuEQ=
17,104,FbXxUyycwl4kk7g1z/7Oan9moe0=,iW6gFMf35VRUBJ+v4j7+UUQOuEQ=
21,104,FbXxUyycwl4kk7g1z/7Oan9moe0=,iW6gFMf35VRUBJ+v4j7+UUQOuEQ=
19,104,FbXxUyycwl4kk7g1z/7Oan9moe0=,iW6gFMf35VRUBJ+v4j7+UUQOuEQ=
18,104,FbXxUyycwl4kk7g1z/7Oan9moe0=,iW6gFMf35VRUBJ+v4j7+UUQOuEQ=
16,104,FbXxUyycwl4kk7g1z/7Oan9moe0=,iW6gFMf35VRUBJ+v4j7+UUQOuEQ=
24,96,FbXxUyycwl4kk7g1z/7Oan9moe0=,iW6gFMf35VRUBJ+v4j7+UUQOuEQ=
31,103,FbXxUyycwl4kk7g1z/7Oan9moe0=,iW6gFMf35VRUBJ+v4j7+UUQOuEQ=
29,103,FbXxUyycwl4kk7g1z/7Oan9moe0=,iW6gFMf35VRUBJ+v4j7+UUQOuEQ=
30,103,FbXxUyycwl4kk7g1z/7Oan9moe0=,iW6gFMf35VRUBJ+v4j7+UUQOuEQ=
28,103,FbXxUyycwl4kk7g1z/7Oan9moe0=,iW6gFMf35VRUBJ+v4j7+UUQOuEQ=
27,103,FbXxUyycwl4kk7g1z/7Oan9moe0=,iW6gFMf35VRUBJ+v4j7+UUQOuEQ=
25,103,FbXxUyycwl4kk7g1z/7Oan9moe0=,iW6gFMf35VRUBJ+v4j7+UUQOuEQ=
24,103,FbXxUyycwl4kk7g1z/7Oan9moe0=,iW6gFMf35VRUBJ+v4j7+UUQOuEQ=
22,103,FbXxUyycwl4kk7g1z/7Oan9moe0=,iW6gFMf35VRUBJ+v4j7+UUQOuEQ=
21,103,FbXxUyycwl4kk7g1z/7Oan9moe0=,iW6gFMf35VRUBJ+v4j7+UUQOuEQ=
23,103,FbXxUyycwl4kk7g1z/7Oan9moe0=,iW6gFMf35VRUBJ+v4j7+UUQOuEQ=
18,103,FbXxUyycwl4kk7g1z/7Oan9moe0=,iW6gFMf35VRUBJ+v4j7+UUQOuEQ=
20,103,FbXxUyycwl4kk7g1z/7Oan9moe0=,iW6gFMf35VRUBJ+v4j7+UUQOuEQ=
19,103,FbXxUyycwl4kk7g1z/7Oan9moe0=,iW6gFMf35VRUBJ+v4j7+UUQOuEQ=
16,103,FbXxUyycwl4kk7g1z/7Oan9moe0=,iW6gFMf35VRUBJ+v4j7+UUQOuEQ=
17,103,FbXxUyycwl4kk7g1z/7Oan9moe0=,iW6gFMf35VRUBJ+v4j7+UUQOuEQ=
26,103,FbXxUyycwl4kk7g1z/7Oan9moe0=,iW6gFMf35VRUBJ+v4j7+UUQOuEQ=
23,96,FbXxUyycwl4kk7g1z/7Oan9moe0=,iW6gFMf35VRUBJ+v4j7+UUQOuEQ=
31,102,FbXxUyycwl4kk7g1z/7Oan9moe0=,iW6gFMf35VRUBJ+v4j7+UUQOuEQ=
30,102,FbXxUyycwl4kk7g1z/7Oan9moe0=,iW6gFMf35VRUBJ+v4j7+UUQOuEQ=
28,102,FbXxUyycwl4kk7g1z/7Oan9moe0=,iW6gFMf35VRUBJ+v4j7+UUQOuEQ=
29,102,FbXxUyycwl4kk7g1z/7Oan9moe0=,iW6gFMf35VRUBJ+v4j7+UUQOuEQ=
27,102,FbXxUyycwl4kk7g1z/7Oan9moe0=,iW6gFMf35VRUBJ+v4j7+UUQOuEQ=
25,102,FbXxUyycwl4kk7g1z/7Oan9moe0=,iW6gFMf35VRUBJ+v4j7+UUQOuEQ=
24,102,FbXxUyycwl4kk7g1z/7Oan9moe0=,iW6gFMf35VRUBJ+v4j7+UUQOuEQ=
26,102,FbXxUyycwl4kk7g1z/7Oan9moe0=,iW6gFMf35VRUBJ+v4j7+UUQOuEQ=
22,102,FbXxUyycwl4kk7g1z/7Oan9moe0=,iW6gFMf35VRUBJ+v4j7+UUQOuEQ=
21,102,FbXxUyycwl4kk7g1z/7Oan9moe0=,iW6gFMf35VRUBJ+v4j7+UUQOuEQ=
19,102,FbXxUyycwl4kk7g1z/7Oan9moe0=,iW6gFMf35VRUBJ+v4j7+UUQOuEQ=
23,102,FbXxUyycwl4kk7g1z/7Oan9moe0=,iW6gFMf35VRUBJ+v4j7+UUQOuEQ=
20,102,FbXxUyycwl4kk7g1z/7Oan9moe0=,iW6gFMf35VRUBJ+v4j7+UUQOuEQ=
18,102,FbXxUyycwl4kk7g1z/7Oan9moe0=,iW6gFMf35VRUBJ+v4j7+UUQOuEQ=
17,102,FbXxUyycwl4kk7g1z/7Oan9moe0=,iW6gFMf35VRUBJ+v4j7+UUQOuEQ=
16,102,FbXxUyycwl4kk7g1z/7Oan9moe0=,iW6gFMf35VRUBJ+v4j7+UUQOuEQ=
31,101,FbXxUyycwl4kk7g1z/7Oan9moe0=,iW6gFMf35VRUBJ+v4j7+UUQOuEQ=
30,101,FbXxUyycwl4kk7g1z/7Oan9moe0=,iW6gFMf35VRUBJ+v4j7+UUQOuEQ=
22,96,FbXxUyycwl4kk7g1z/7Oan9moe0=,iW6gFMf35VRUBJ+v4j7+UUQOuEQ=
29,101,FbXxUyycwl4kk7g1z/7Oan9moe0=,iW6gFMf35VRUBJ+v4j7+UUQOuEQ=
28,101,FbXxUyycwl4kk7g1z/7Oan9moe0=,iW6gFMf35VRUBJ+v4j7+UUQOuEQ=
26,101,FbXxUyycwl4kk7g1z/7Oan9moe0=,iW6gFMf35VRUBJ+v4j7+UUQOuEQ=
27,101,FbXxUyycwl4kk7g1z/7Oan9moe0=,iW6gFMf35VRUBJ+v4j7+UUQOuEQ=
22,101,FbXxUyycwl4kk7g1z/7Oan9moe0=,iW6gFMf35VRUBJ+v4j7+UUQOuEQ=
23,101,FbXxUyycwl4kk7g1z/7Oan9moe0=,iW6gFMf35VRUBJ+v4j7+UUQOuEQ=
25,101,FbXxUyycwl4kk7g1z/7Oan9moe0=,iW6gFMf35VRUBJ+v4j7+UUQOuEQ=
21,101,FbXxUyycwl4kk7g1z/7Oan9moe0=,iW6gFMf35VRUBJ+v4j7+UUQOuEQ=
24,101,FbXxUyycwl4kk7g1z/7Oan9moe0=,iW6gFMf35VRUBJ+v4j7+UUQOuEQ=
19,101,FbXxUyycwl4kk7g1z/7Oan9moe0=,iW6gFMf35VRUBJ+v4j7+UUQOuEQ=
18,101,FbXxUyycwl4kk7g1z/7Oan9moe0=,iW6gFMf35VRUBJ+v4j7+UUQOuEQ=
21,96,FbXxUyycwl4kk7g1z/7Oan9moe0=,iW6gFMf35VRUBJ+v4j7+UUQOuEQ=
20,101,FbXxUyycwl4kk7g1z/7Oan9moe0=,iW6gFMf35VRUBJ+v4j7+UUQOuEQ=
17,101,FbXxUyycwl4kk7g1z/7Oan9moe0=,iW6gFMf35VRUBJ+v4j7+UUQOuEQ=
29,100,FbXxUyycwl4kk7g1z/7Oan9moe0=,iW6gFMf35VRUBJ+v4j7+UUQOuEQ=
28,100,FbXxUyycwl4kk7g1z/7Oan9moe0=,iW6gFMf35VRUBJ+v4j7+UUQOuEQ=
31,100,FbXxUyycwl4kk7g1z/7Oan9moe0=,iW6gFMf35VRUBJ+v4j7+UUQOuEQ=
16,101,FbXxUyycwl4kk7g1z/7Oan9moe0=,iW6gFMf35VRUBJ+v4j7+UUQOuEQ=
30,100,FbXxUyycwl4kk7g1z/7Oan9moe0=,iW6gFMf35VRUBJ+v4j7+UUQOuEQ=
25,100,FbXxUyycwl4kk7g1z/7Oan9moe0=,iW6gFMf35VRUBJ+v4j7+UUQOuEQ=
27,100,FbXxUyycwl4kk7g1z/7Oan9moe0=,iW6gFMf35VRUBJ+v4j7+UUQOuEQ=
24,100,FbXxUyycwl4kk7g1z/7Oan9moe0=,iW6gFMf35VRUBJ+v4j7+UUQOuEQ=
23,100,FbXxUyycwl4kk7g1z/7Oan9moe0=,iW6gFMf35VRUBJ+v4j7+UUQOuEQ=
26,100,FbXxUyycwl4kk7g1z/7Oan9moe0=,iW6gFMf35VRUBJ+v4j7+UUQOuEQ=
20,100,FbXxUyycwl4kk7g1z/7Oan9moe0=,iW6gFMf35VRUBJ+v4j7+UUQOuEQ=
22,100,FbXxUyycwl4kk7g1z/7Oan9moe0=,iW6gFMf35VRUBJ+v4j7+UUQOuEQ=
21,100,FbXxUyycwl4kk7g1z/7Oan9moe0=,iW6gFMf35VRUBJ+v4j7+UUQOuEQ=
19,100,FbXxUyycwl4kk7g1z/7Oan9moe0=,iW6gFMf35VRUBJ+v4j7+UUQOuEQ=
17,100,FbXxUyycwl4kk7g1z/7Oan9moe0=,iW6gFMf35VRUBJ+v4j7+UUQOuEQ=
31,99,FbXxUyycwl4kk7g1z/7Oan9moe0=,iW6gFMf35VRUBJ+v4j7+UUQOuEQ=
20,96,FbXxUyycwl4kk7g1z/7Oan9moe0=,iW6gFMf35VRUBJ+v4j7+UUQOuEQ=
16,100,FbXxUyycwl4kk7g1z/7Oan9moe0=,iW6gFMf35VRUBJ+v4j7+UUQOuEQ=
28,99,FbXxUyycwl4kk7g1z/7Oan9moe0=,iW6gFMf35VRUBJ+v4j7+UUQOuEQ=
29,99,FbXxUyycwl4kk7g1z/7Oan9moe0=,iW6gFMf35VRUBJ+v4j7+UUQOuEQ=
18,100,FbXxUyycwl4kk7g1z/7Oan9moe0=,iW6gFMf35VRUBJ+v4j7+UUQOuEQ=
30,99,FbXxUyycwl4kk7g1z/7Oan9moe0=,iW6gFMf35VRUBJ+v4j7+UUQOuEQ=
15,127,mF/bmsFDw+TxbC3cSYvv4pzc1nI=,iW6gFMf35VRUBJ+v4j7+UUQOuEQ=
15,112,mF/bmsFDw+TxbC3cSYvv4pzc1nI=,iW6gFMf35VRUBJ+v4j7+UUQOuEQ=
0,112,mF/bmsFDw+TxbC3cSYvv4pzc1nI=,iW6gFMf35VRUBJ+v4j7+UUQOuEQ=
14,127,mF/bmsFDw+TxbC3cSYvv4pzc1nI=,iW6gFMf35VRUBJ+v4j7+UUQOuEQ=
1,113,mF/bmsFDw+TxbC3cSYvv4pzc1nI=,iW6gFMf35VRUBJ+v4j7+UUQOuEQ=
0,113,mF/bmsFDw+TxbC3cSYvv4pzc1nI=,iW6gFMf35VRUBJ+v4j7+UUQOuEQ=
2,113,mF/bmsFDw+TxbC3cSYvv4pzc1nI=,iW6gFMf35VRUBJ+v4j7+UUQOuEQ=
13,127,mF/bmsFDw+TxbC3cSYvv4pzc1nI=,iW6gFMf35VRUBJ+v4j7+UUQOuEQ=
12,127,mF/bmsFDw+TxbC3cSYvv4pzc1nI=,iW6gFMf35VRUBJ+v4j7+UUQOuEQ=
3,113,mF/bmsFDw+TxbC3cSYvv4pzc1nI=,iW6gFMf35VRUBJ+v4j7+UUQOuEQ=
4,113,mF/bmsFDw+TxbC3cSYvv4pzc1nI=,iW6gFMf35VRUBJ+v4j7+UUQOuEQ=
6,113,mF/bmsFDw+TxbC3cSYvv4pzc1nI=,iW6gFMf35VRUBJ+v4j7+UUQOuEQ=
5,113,mF/bmsFDw+TxbC3cSYvv4pzc1nI=,iW6gFMf35VRUBJ+v4j7+UUQOuEQ=
10,127,mF/bmsFDw+TxbC3cSYvv4pzc1nI=,iW6gFMf35VRUBJ+v4j7+UUQOuEQ=
8,113,mF/bmsFDw+TxbC3cSYvv4pzc1nI=,iW6gFMf35VRUBJ+v4j7+UUQOuEQ=
9,113,mF/bmsFDw+TxbC3cSYvv4pzc1nI=,iW6gFMf35VRUBJ+v4j7+UUQOuEQ=
7,113,mF/bmsFDw+TxbC3cSYvv4pzc1nI=,iW6gFMf35VRUBJ+v4j7+UUQOuEQ=
10,113,mF/bmsFDw+TxbC3cSYvv4pzc1nI=,iW6gFMf35VRUBJ+v4j7+UUQOuEQ=
9,127,mF/bmsFDw+TxbC3cSYvv4pzc1nI=,iW6gFMf35VRUBJ+v4j7+UUQOuEQ=
11,113,mF/bmsFDw+TxbC3cSYvv4pzc1nI=,iW6gFMf35VRUBJ+v4j7+UUQOuEQ=
12,113,mF/bmsFDw+TxbC3cSYvv4pzc1nI=,iW6gFMf35VRUBJ+v4j7+UUQOuEQ=
8,127,mF/bmsFDw+TxbC3cSYvv4pzc1nI=,iW6gFMf35VRUBJ+v4j7+UUQOuEQ=
7,127,mF/bmsFDw+TxbC3cSYvv4pzc1nI=,iW6gFMf35VRUBJ+v4j7+UUQOuEQ=
13,113,mF/bmsFDw+TxbC3cSYvv4pzc1nI=,iW6gFMf35VRUBJ+v4j7+UUQOuEQ=
14,113,mF/bmsFDw+TxbC3cSYvv4pzc1nI=,iW6gFMf35VRUBJ+v4j7+UUQOuEQ=
11,127,mF/bmsFDw+TxbC3cSYvv4pzc1nI=,iW6gFMf35VRUBJ+v4j7+UUQOuEQ=
0,114,mF/bmsFDw+TxbC3cSYvv4pzc1nI=,iW6gFMf35VRUBJ+v4j7+UUQOuEQ=
15,113,mF/bmsFDw+TxbC3cSYvv4pzc1nI=,iW6gFMf35VRUBJ+v4j7+UUQOuEQ=
6,127,mF/bmsFDw+TxbC3cSYvv4pzc1nI=,iW6gFMf35VRUBJ+v4j7+UUQOuEQ=
5,127,mF/bmsFDw+TxbC3cSYvv4pzc1nI=,iW6gFMf35VRUBJ+v4j7+UUQOuEQ=
1,112,mF/bmsFDw+TxbC3cSYvv4pzc1nI=,iW6gFMf35VRUBJ+v4j7+UUQOuEQ=
3,127,mF/bmsFDw+TxbC3cSYvv4pzc1nI=,iW6gFMf35VRUBJ+v4j7+UUQOuEQ=
1,114,mF/bmsFDw+TxbC3cSYvv4pzc1nI=,iW6gFMf35VRUBJ+v4j7+UUQOuEQ=
4,127,mF/bmsFDw+TxbC3cSYvv4pzc1nI=,iW6gFMf35VRUBJ+v4j7+UUQOuEQ=
2,114,mF/bmsFDw+TxbC3cSYvv4pzc1nI=,iW6gFMf35VRUBJ+v4j7+UUQOuEQ=
2,127,mF/bmsFDw+TxbC3cSYvv4pzc1nI=,iW6gFMf35VRUBJ+v4j7+UUQOuEQ=
1,127,mF/bmsFDw+TxbC3cSYvv4pzc1nI=,iW6gFMf35VRUBJ+v4j7+UUQOuEQ=
3,114,mF/bmsFDw+TxbC3cSYvv4pzc1nI=,iW6gFMf35VRUBJ+v4j7+UUQOuEQ=
14,112,mF/bmsFDw+TxbC3cSYvv4pzc1nI=,iW6gFMf35VRUBJ+v4j7+UUQOuEQ=
4,114,mF/bmsFDw+TxbC3cSYvv4pzc1nI=,iW6gFMf35VRUBJ+v4j7+UUQOuEQ=
5,114,mF/bmsFDw+TxbC3cSYvv4pzc1nI=,iW6gFMf35VRUBJ+v4j7+UUQOuEQ=
0,127,mF/bmsFDw+TxbC3cSYvv4pzc1nI=,iW6gFMf35VRUBJ+v4j7+UUQOuEQ=
13,126,mF/bmsFDw+TxbC3cSYvv4pzc1nI=,iW6gFMf35VRUBJ+v4j7+UUQOuEQ=
6,114,mF/bmsFDw+TxbC3cSYvv4pzc1nI=,iW6gFMf35VRUBJ+v4j7+UUQOuEQ=
15,126,mF/bmsFDw+TxbC3cSYvv4pzc1nI=,iW6gFMf35VRUBJ+v4j7+UUQOuEQ=
11,126,mF/bmsFDw+TxbC3cSYvv4pzc1nI=,iW6gFMf35VRUBJ+v4j7+UUQOuEQ=
10,126,mF/bmsFDw+TxbC3cSYvv4pzc1nI=,iW6gFMf35VRUBJ+v4j7+UUQOuEQ=
7,114,mF/bmsFDw+TxbC3cSYvv4pzc1nI=,iW6gFMf35VRUBJ+v4j7+UUQOuEQ=
9,126,mF/bmsFDw+TxbC3cSYvv4pzc1nI=,iW6gFMf35VRUBJ+v4j7+UUQOuEQ=
8,114,mF/bmsFDw+TxbC3cSYvv4pzc1nI=,iW6gFMf35VRUBJ+v4j7+UUQOuEQ=
8,126,mF/bmsFDw+TxbC3cSYvv4pzc1nI=,iW6gFMf35VRUBJ+v4j7+UUQOuEQ=
7,126,mF/bmsFDw+TxbC3cSYvv4pzc1nI=,iW6gFMf35VRUBJ+v4j7+UUQOuEQ=
9,114,mF/bmsFDw+TxbC3cSYvv4pzc1nI=,iW6gFMf35VRUBJ+v4j7+UUQOuEQ=
6,126,mF/bmsFDw+TxbC3cSYvv4pzc1nI=,iW6gFMf35VRUBJ+v4j7+UUQOuEQ=
12,126,mF/bmsFDw+TxbC3cSYvv4pzc1nI=,iW6gFMf35VRUBJ+v4j7+UUQOuEQ=
5,126,mF/bmsFDw+TxbC3cSYvv4pzc1nI=,iW6gFMf35VRUBJ+v4j7+UUQOuEQ=
14,126,mF/bmsFDw+TxbC3cSYvv4pzc1nI=,iW6gFMf35VRUBJ+v4j7+UUQOuEQ=
10,114,mF/bmsFDw+TxbC3cSYvv4pzc1nI=,iW6gFMf35VRUBJ+v4j7+UUQOuEQ=
4,126,mF/bmsFDw+TxbC3cSYvv4pzc1nI=,iW6gFMf35VRUBJ+v4j7+UUQOuEQ=
11,114,mF/bmsFDw+TxbC3cSYvv4pzc1nI=,iW6gFMf35VRUBJ+v4j7+UUQOuEQ=
3,126,mF/bmsFDw+TxbC3cSYvv4pzc1nI=,iW6gFMf35VRUBJ+v4j7+UUQOuEQ=
2,126,mF/bmsFDw+TxbC3cSYvv4pzc1nI=,iW6gFMf35VRUBJ+v4j7+UUQOuEQ=
12,114,mF/bmsFDw+TxbC3cSYvv4pzc1nI=,iW6gFMf35VRUBJ+v4j7+UUQOuEQ=
13,112,mF/bmsFDw+TxbC3cSYvv4pzc1nI=,iW6gFMf35VRUBJ+v4j7+UUQOuEQ=
0,126,mF/bmsFDw+TxbC3cSYvv4pzc1nI=,iW6gFMf35VRUBJ+v4j7+UUQOuEQ=
15,125,mF/bmsFDw+TxbC3cSYvv4pzc1nI=,iW6gFMf35VRUBJ+v4j7+UUQOuEQ=
1,126,mF/bmsFDw+TxbC3cSYvv4pzc1nI=,iW6gFMf35VRUBJ+v4j7+UUQOuEQ=
13,114,mF/bmsFDw+TxbC3cSYvv4pzc1nI=,iW6gFMf35VRUBJ+v4j7+UUQOuEQ=
13,125,mF/bmsFDw+TxbC3cSYvv4pzc1nI=,iW6gFMf35VRUBJ+v4j7+UUQOuEQ=
14,125,mF/bmsFDw+TxbC3cSYvv4pzc1nI=,iW6gFMf35VRUBJ+v4j7+UUQOuEQ=
11,125,mF/bmsFDw+TxbC3cSYvv4pzc1nI=,iW6gFMf35VRUBJ+v4j7+UUQOuEQ=
14,114,mF/bmsFDw+TxbC3cSYvv4pzc1nI=,iW6gFMf35VRUBJ+v4j7+UUQOuEQ=
10,125,mF/bmsFDw+TxbC3cSYvv4pzc1nI=,iW6gFMf35VRUBJ+v4j7+UUQOuEQ=
15,114,mF/bmsFDw+TxbC3cSYvv4pzc1nI=,iW6gFMf35VRUBJ+v4j7+UUQOuEQ=
8,125,mF/bmsFDw+TxbC3cSYvv4pzc1nI=,iW6gFMf35VRUBJ+v4j7+UUQOuEQ=
0,115,mF/bmsFDw+TxbC3cSYvv4pzc1nI=,iW6gFMf35VRUBJ+v4j7+UUQOuEQ=
12,125,mF/bmsFDw+TxbC3cSYvv4pzc1nI=,iW6gFMf35VRUBJ+v4j7+UUQOuEQ=
9,125,mF/bmsFDw+TxbC3cSYvv4pzc1nI=,iW6gFMf35VRUBJ+v4j7+UUQOuEQ=
6,125,mF/bmsFDw+TxbC3cSYvv4pzc1nI=,iW6gFMf35VRUBJ+v4j7+UUQOuEQ=
7,125,mF/bmsFDw+TxbC3cSYvv4pzc1nI=,iW6gFMf35VRUBJ+v4j7+UUQOuEQ=
4,125,mF/bmsFDw+TxbC3cSYvv4pzc1nI=,iW6gFMf35VRUBJ+v4j7+UUQOuEQ=
2,112,mF/bmsFDw+TxbC3cSYvv4pzc1nI=,iW6gFMf35VRUBJ+v4j7+UUQOuEQ=
3,125,mF/bmsFDw+TxbC3cSYvv4pzc1nI=,iW6gFMf35VRUBJ+v4j7+UUQOuEQ=
5,125,mF/bmsFDw+TxbC3cSYvv4pzc1nI=,iW6gFMf35VRUBJ+v4j7+UUQOuEQ=
2,125,mF/bmsFDw+TxbC3cSYvv4pzc1nI=,iW6gFMf35VRUBJ+v4j7+UUQOuEQ=
0,125,mF/bmsFDw+TxbC3cSYvv4pzc1nI=,iW6gFMf35VRUBJ+v4j7+UUQOuEQ=
1,125,mF/bmsFDw+TxbC3cSYvv4pzc1nI=,iW6gFMf35VRUBJ+v4j7+UUQOuEQ=
15,124,mF/bmsFDw+TxbC3cSYvv4pzc1nI=,iW6gFMf35VRUBJ+v4j7+UUQOuEQ=
12,112,mF/bmsFDw+TxbC3cSYvv4pzc1nI=,iW6gFMf35VRUBJ+v4j7+UUQOuEQ=
1,115,mF/bmsFDw+TxbC3cSYvv4pzc1nI=,iW6gFMf35VRUBJ+v4j7+UUQOuEQ=
14,124,mF/bmsFDw+TxbC3cSYvv4pzc1nI=,iW6gFMf35VRUBJ+v4j7+UUQOuEQ=
2,115,mF/bmsFDw+TxbC3cSYvv4pzc1nI=,iW6gFMf35VRUBJ+v4j7+UUQOuEQ=
13,124,mF/bmsFDw+TxbC3cSYvv4pzc1nI=,iW6gFMf35VRUBJ+v4j7+UUQOuEQ=
11,124,mF/bmsFDw+TxbC3cSYvv4pzc1nI=,iW6gFMf35VRUBJ+v4j7+UUQOuEQ=
12,124,mF/bmsFDw+TxbC3cSYvv4pzc1nI=,iW6gFMf35VRUBJ+v4j7+UUQOuEQ=
10,124,mF/bmsFDw+TxbC3cSYvv4pzc1nI=,iW6gFMf35VRUBJ+v4j7+UUQOuEQ=
9,124,mF/bmsFDw+TxbC3cSYvv4pzc1nI=,iW6gFMf35VRUBJ+v4j7+UUQOuEQ=
7,124,mF/bmsFDw+TxbC3cSYvv4pzc1nI=,iW6gFMf35VRUBJ+v4j7+UUQOuEQ=
8,124,mF/bmsFDw+TxbC3cSYvv4pzc1nI=,iW6gFMf35VRUBJ+v4j7+UUQOuEQ=
3,115,mF/bmsFDw+TxbC3cSYvv4pzc1nI=,iW6gFMf35VRUBJ+v4j7+UUQOuEQ=
4,124,mF/bmsFDw+TxbC3cSYvv4pzc1nI=,iW6gFMf35VRUBJ+v4j7+UUQOuEQ=
1,124,mF/bmsFDw+TxbC3cSYvv4pzc1nI=,iW6gFMf35VRUBJ+v4j7+UUQOuEQ=
4,115,mF/bmsFDw+TxbC3cSYvv4pzc1nI=,iW6gFMf35VRUBJ+v4j7+UUQOuEQ=
2,124,mF/bmsFDw+TxbC3cSYvv4pzc1nI=,iW6gFMf35VRUBJ+v4j7+UUQOuEQ=
11,112,mF/bmsFDw+TxbC3cSYvv4pzc1nI=,iW6gFMf35VRUBJ+v4j7+UUQOuEQ=
5,124,mF/bmsFDw+TxbC3cSYvv4pzc1nI=,iW6gFMf35VRUBJ+v4j7+UUQOuEQ=
0,124,mF/bmsFDw+TxbC3cSYvv4pzc1nI=,iW6gFMf35VRUBJ+v4j7+UUQOuEQ=
3,124,mF/bmsFDw+TxbC3cSYvv4pzc1nI=,iW6gFMf35VRUBJ+v4j7+UUQOuEQ=
6,124,mF/bmsFDw+TxbC3cSYvv4pzc1nI=,iW6gFMf35VRUBJ+v4j7+UUQOuEQ=
5,115,mF/bmsFDw+TxbC3cSYvv4pzc1nI=,iW6gFMf35VRUBJ+v4j7+UUQOuEQ=
14,123,mF/bmsFDw+TxbC3cSYvv4pzc1nI=,iW6gFMf35VRUBJ+v4j7+UUQOuEQ=
15,123,mF/bmsFDw+TxbC3cSYvv4pzc1nI=,iW6gFMf35VRUBJ+v4j7+UUQOuEQ=
6,115,mF/bmsFDw+TxbC3cSYvv4pzc1nI=,iW6gFMf35VRUBJ+v4j7+UUQOuEQ=
13,123,mF/bmsFDw+TxbC3cSYvv4pzc1nI=,iW6gFMf35VRUBJ+v4j7+UUQOuEQ=
10,123,mF/bmsFDw+TxbC3cSYvv4pzc1nI=,iW6gFMf35VRUBJ+v4j7+UUQOuEQ=
12,123,mF/bmsFDw+TxbC3cSYvv4pzc1nI=,iW6gFMf35VRUBJ+v4j7+UUQOuEQ=
6,123,mF/bmsFDw+TxbC3cSYvv4pzc1nI=,iW6gFMf35VRUBJ+v4j7+UUQOuEQ=
8,123,mF/bmsFDw+TxbC3cSYvv4pzc1nI=,iW6gFMf35VRUBJ+v4j7+UUQOuEQ=
11,123,mF/bmsFDw+TxbC3cSYvv4pzc1nI=,iW6gFMf35VRUBJ+v4j7+UUQOuEQ=
9,123,mF/bmsFDw+TxbC3cSYvv4pzc1nI=,iW6gFMf35VRUBJ+v4j7+UUQOuEQ=
7,115,mF/bmsFDw+TxbC3cSYvv4pzc1nI=,iW6gFMf35VRUBJ+v4j7+UUQOuEQ=
5,123,mF/bmsFDw+TxbC3cSYvv4pzc1nI=,iW6gFMf35VRUBJ+v4j7+UUQOuEQ=
2,123,mF/bmsFDw+TxbC3cSYvv4pzc1nI=,iW6gFMf35VRUBJ+v4j7+UUQOuEQ=
7,123,mF/bmsFDw+TxbC3cSYvv4pzc1nI=,iW6gFMf35VRUBJ+v4j7+UUQOuEQ=
10,112,mF/bmsFDw+TxbC3cSYvv4pzc1nI=,iW6gFMf35VRUBJ+v4j7+UUQOuEQ=
0,123,mF/bmsFDw+TxbC3cSYvv4pzc1nI=,iW6gFMf35VRUBJ+v4j7+UUQOuEQ=
8,115,mF/bmsFDw+TxbC3cSYvv4pzc1nI=,iW6gFMf35VRUBJ+v4j7+UUQOuEQ=
1,123,mF/bmsFDw+TxbC3cSYvv4pzc1nI=,iW6gFMf35VRUBJ+v4j7+UUQOuEQ=
4,123,mF/bmsFDw+TxbC3cSYvv4pzc1nI=,iW6gFMf35VRUBJ+v4j7+UUQOuEQ=
15,122,mF/bmsFDw+TxbC3cSYvv4pzc1nI=,iW6gFMf35VRUBJ+v4j7+UUQOuEQ=
3,123,mF/bmsFDw+TxbC3cSYvv4pzc1nI=,iW6gFMf35VRUBJ+v4j7+UUQOuEQ=
9,115,mF/bmsFDw+TxbC3cSYvv4pzc1nI=,iW6gFMf35VRUBJ+v4j7+UUQOuEQ=
12,122,mF/bmsFDw+TxbC3cSYvv4pzc1nI=,iW6gFMf35VRUBJ+v4j7+UUQOuEQ=
14,122,mF/bmsFDw+TxbC3cSYvv4pzc1nI=,iW6gFMf35VRUBJ+v4j7+UUQOuEQ=
13,122,mF/bmsFDw+TxbC3cSYvv4pzc1nI=,iW6gFMf35VRUBJ+v4j7+UUQOuEQ=
11,122,mF/bmsFDw+TxbC3cSYvv4pzc1nI=,iW6gFMf35VRUBJ+v4j7+UUQOuEQ=
10,115,mF/bmsFDw+TxbC3cSYvv4pzc1nI=,iW6gFMf35VRUBJ+v4j7+UUQOuEQ=
10,122,mF/bmsFDw+TxbC3cSYvv4pzc1nI=,iW6gFMf35VRUBJ+v4j7+UUQOuEQ=
7,122,mF/bmsFDw+TxbC3cSYvv4pzc1nI=,iW6gFMf35VRUBJ+v4j7+UUQOuEQ=
6,122,mF/bmsFDw+TxbC3cSYvv4pzc1nI=,iW6gFMf35VRUBJ+v4j7+UUQOuEQ=
9,122,mF/bmsFDw+TxbC3cSYvv4pzc1nI=,iW6gFMf35VRUBJ+v4j7+UUQOuEQ=
8,122,mF/bmsFDw+TxbC3cSYvv4pzc1nI=,iW6gFMf35VRUBJ+v4j7+UUQOuEQ=
4,122,mF/bmsFDw+TxbC3cSYvv4pzc1nI=,iW6gFMf35VRUBJ+v4j7+UUQOuEQ=
2,122,mF/bmsFDw+TxbC3cSYvv4pzc1nI=,iW6gFMf35VRUBJ+v4j7+UUQOuEQ=
11,115,mF/bmsFDw+TxbC3cSYvv4pzc1nI=,iW6gFMf35VRUBJ+v4j7+UUQOuEQ=
3,122,mF/bmsFDw+TxbC3cSYvv4pzc1nI=,iW6gFMf35VRUBJ+v4j7+UUQOuEQ=
9,112,mF/bmsFDw+TxbC3cSYvv4pzc1nI=,iW6gFMf35VRUBJ+v4j7+UUQOuEQ=
5,122,mF/bmsFDw+TxbC3cSYvv4pzc1nI=,iW6gFMf35VRUBJ+v4j7+UUQOuEQ=
1,122,mF/bmsFDw+TxbC3cSYvv4pzc1nI=,iW6gFMf35VRUBJ+v4j7+UUQOuEQ=
0,122,mF/bmsFDw+TxbC3cSYvv4pzc1nI=,iW6gFMf35VRUBJ+v4j7+UUQOuEQ=
12,115,mF/bmsFDw+TxbC3cSYvv4pzc1nI=,iW6gFMf35VRUBJ+v4j7+UUQOuEQ=
15,121,mF/bmsFDw+TxbC3cSYvv4pzc1nI=,iW6gFMf35VRUBJ+v4j7+UUQOuEQ=
14,121,mF/bmsFDw+TxbC3cSYvv4pzc1nI=,iW6gFMf35VRUBJ+v4j7+UUQOuEQ=
13,121,mF/bmsFDw+TxbC3cSYvv4pzc1nI=,iW6gFMf35VRUBJ+v4j7+UUQOuEQ=
11,121,mF/bmsFDw+TxbC3cSYvv4pzc1nI=,iW6gFMf35VRUBJ+v4j7+UUQOuEQ=
12,121,mF/bmsFDw+TxbC3cSYvv4pzc1nI=,iW6gFMf35VRUBJ+v4j7+UUQOuEQ=
7,121,mF/bmsFDw+TxbC3cSYvv4pzc1nI=,iW6gFMf35VRUBJ+v4j7+UUQOuEQ=
8,121,mF/bmsFDw+TxbC3cSYvv4pzc1nI=,iW6gFMf35VRUBJ+v4j7+UUQOuEQ=
10,121,mF/bmsFDw+TxbC3cSYvv4pzc1nI=,iW6gFMf35VRUBJ+v4j7+UUQOuEQ=
13,115,mF/bmsFDw+TxbC3cSYvv4pzc1nI=,iW6gFMf35VRUBJ+v4j7+UUQOuEQ=
5,121,mF/bmsFDw+TxbC3cSYvv4pzc1nI=,iW6gFMf35VRUBJ+v4j7+UUQOuEQ=
9,121,mF/bmsFDw+TxbC3cSYvv4pzc1nI=,iW6gFMf35VRUBJ+v4j7+UUQOuEQ=
6,121,mF/bmsFDw+TxbC3cSYvv4pzc1nI=,iW6gFMf35VRUBJ+v4j7+UUQOuEQ=
4,121,mF/bmsFDw+TxbC3cSYvv4pzc1nI=,iW6gFMf35VRUBJ+v4j7+UUQOuEQ=
14,115,mF/bmsFDw+TxbC3cSYvv4pzc1nI=,iW6gFMf35VRUBJ+v4j7+UUQOuEQ=
2,121,mF/bmsFDw+TxbC3cSYvv4pzc1nI=,iW6gFMf35VRUBJ+v4j7+UUQOuEQ=
3,121,mF/bmsFDw+TxbC3cSYvv4pzc1nI=,iW6gFMf35VRUBJ+v4j7+UUQOuEQ=
1,121,mF/bmsFDw+TxbC3cSYvv4pzc1nI=,iW6gFMf35VRUBJ+v4j7+UUQOuEQ=
15,120,mF/bmsFDw+TxbC3cSYvv4pzc1nI=,iW6gFMf35VRUBJ+v4j7+UUQOuEQ=
15,115,mF/bmsFDw+TxbC3cSYvv4pzc1nI=,iW6gFMf35VRUBJ+v4j7+UUQOuEQ=
8,112,mF/bmsFDw+TxbC3cSYvv4pzc1nI=,iW6gFMf35VRUBJ+v4j7+UUQOuEQ=
0,121,mF/bmsFDw+TxbC3cSYvv4pzc1nI=,iW6gFMf35VRUBJ+v4j7+UUQOuEQ=
14,120,mF/bmsFDw+TxbC3cSYvv4pzc1nI=,iW6gFMf35VRUBJ+v4j7+UUQOuEQ=
13,120,mF/bmsFDw+TxbC3cSYvv4pzc1nI=,iW6gFMf35VRUBJ+v4j7+UUQOuEQ=
12,120,mF/bmsFDw+TxbC3cSYvv4pzc1nI=,iW6gFMf35VRUBJ+v4j7+UUQOuEQ=
10,120,mF/bmsFDw+TxbC3cSYvv4pzc1nI=,iW6gFMf35VRUBJ+v4j7+UUQOuEQ=
11,120,mF/bmsFDw+TxbC3cSYvv4pzc1nI=,iW6gFMf35VRUBJ+v4j7+UUQOuEQ=
0,116,mF/bmsFDw+TxbC3cSYvv4pzc1nI=,iW6gFMf35VRUBJ+v4j7+UUQOuEQ=
9,120,mF/bmsFDw+TxbC3cSYvv4pzc1nI=,iW6gFMf35VRUBJ+v4j7+UUQOuEQ=
8,120,mF/bmsFDw+TxbC3cSYvv4pzc1nI=,iW6gFMf35VRUBJ+v4j7+UUQOuEQ=
5,120,mF/bmsFDw+TxbC3cSYvv4pzc1nI=,iW6gFMf35VRUBJ+v4j7+UUQOuEQ=
4,120,mF/bmsFDw+TxbC3cSYvv4pzc1nI=,iW6gFMf35VRUBJ+v4j7+UUQOuEQ=
6,120,mF/bmsFDw+TxbC3cSYvv4pzc1nI=,iW6gFMf35VRUBJ+v4j7+UUQOuEQ=
7,120,mF/bmsFDw+TxbC3cSYvv4pzc1nI=,iW6gFMf35VRUBJ+v4j7+UUQOuEQ=
3,112,mF/bmsFDw+TxbC3cSYvv4pzc1nI=,iW6gFMf35VRUBJ+v4j7+UUQOuEQ=
3,120,mF/bmsFDw+TxbC3cSYvv4pzc1nI=,iW6gFMf35VRUBJ+v4j7+UUQOuEQ=
2,120,mF/bmsFDw+TxbC3cSYvv4pzc1nI=,iW6gFMf35VRUBJ+v4j7+UUQOuEQ=
1,120,mF/bmsFDw+TxbC3cSYvv4pzc1nI=,iW6gFMf35VRUBJ+v4j7+UUQOuEQ=
7,112,mF/bmsFDw+TxbC3cSYvv4pzc1nI=,iW6gFMf35VRUBJ+v4j7+UUQOuEQ=
0,120,mF/bmsFDw+TxbC3cSYvv4pzc1nI=,iW6gFMf35VRUBJ+v4j7+UUQOuEQ=
15,119,mF/bmsFDw+TxbC3cSYvv4pzc1nI=,iW6gFMf35VRUBJ+v4j7+UUQOuEQ=
14,119,mF/bmsFDw+TxbC3cSYvv4pzc1nI=,iW6gFMf35VRUBJ+v4j7+UUQOuEQ=
13,119,mF/bmsFDw+TxbC3cSYvv4pzc1nI=,iW6gFMf35VRUBJ+v4j7+UUQOuEQ=
1,116,mF/bmsFDw+TxbC3cSYvv4pzc1nI=,iW6gFMf35VRUBJ+v4j7+UUQOuEQ=
12,119,mF/bmsFDw+TxbC3cSYvv4pzc1nI=,iW6gFMf35VRUBJ+v4j7+UUQOuEQ=
11,119,mF/bmsFDw+TxbC3cSYvv4pzc1nI=,iW6gFMf35VRUBJ+v4j7+UUQOuEQ=
10,119,mF/bmsFDw+TxbC3cSYvv4pzc1nI=,iW6gFMf35VRUBJ+v4j7+UUQOuEQ=
2,116,mF/bmsFDw+TxbC3cSYvv4pzc1nI=,iW6gFMf35VRUBJ+v4j7+UUQOuEQ=
7,119,mF/bmsFDw+TxbC3cSYvv4pzc1nI=,iW6gFMf35VRUBJ+v4j7+UUQOuEQ=
9,119,mF/bmsFDw+TxbC3cSYvv4pzc1nI=,iW6gFMf35VRUBJ+v4j7+UUQOuEQ=
8,119,mF/bmsFDw+TxbC3cSYvv4pzc1nI=,iW6gFMf35VRUBJ+v4j7+UUQOuEQ=
6,119,mF/bmsFDw+TxbC3cSYvv4pzc1nI=,iW6gFMf35VRUBJ+v4j7+UUQOuEQ=
4,119,mF/bmsFDw+TxbC3cSYvv4pzc1nI=,iW6gFMf35VRUBJ+v4j7+UUQOuEQ=
5,119,mF/bmsFDw+TxbC3cSYvv4pzc1nI=,iW6gFMf35VRUBJ+v4j7+UUQOuEQ=
3,119,mF/bmsFDw+TxbC3cSYvv4pzc1nI=,iW6gFMf35VRUBJ+v4j7+UUQOuEQ=
3,116,mF/bmsFDw+TxbC3cSYvv4pzc1nI=,iW6gFMf35VRUBJ+v4j7+UUQOuEQ=
1,119,mF/bmsFDw+TxbC3cSYvv4pzc1nI=,iW6gFMf35VRUBJ+v4j7+UUQOuEQ=
2,119,mF/bmsFDw+TxbC3cSYvv4pzc1nI=,iW6gFMf35VRUBJ+v4j7+UUQOuEQ=
0,119,mF/bmsFDw+TxbC3cSYvv4pzc1nI=,iW6gFMf35VRUBJ+v4j7+UUQOuEQ=
15,118,mF/bmsFDw+TxbC3cSYvv4pzc1nI=,iW6gFMf35VRUBJ+v4j7+UUQOuEQ=
6,112,mF/bmsFDw+TxbC3cSYvv4pzc1nI=,iW6gFMf35VRUBJ+v4j7+UUQOuEQ=
13,118,mF/bmsFDw+TxbC3cSYvv4pzc1nI=,iW6gFMf35VRUBJ+v4j7+UUQOuEQ=
4,116,mF/bmsFDw+TxbC3cSYvv4pzc1nI=,iW6gFMf35VRUBJ+v4j7+UUQOuEQ=
14,118,mF/bmsFDw+TxbC3cSYvv4pzc1nI=,iW6gFMf35VRUBJ+v4j7+UUQOuEQ=
12,118,mF/bmsFDw+TxbC3cSYvv4pzc1nI=,iW6gFMf35VRUBJ+v4j7+UUQOuEQ=
11,118,mF/bmsFDw+TxbC3cSYvv4pzc1nI=,iW6gFMf35VRUBJ+v4j7+UUQOuEQ=
10,118,mF/bmsFDw+TxbC3cSYvv4pzc1nI=,iW6gFMf35VRUBJ+v4j7+UUQOuEQ=
7,118,mF/bmsFDw+TxbC3cSYvv4pzc1nI=,iW6gFMf35VRUBJ+v4j7+UUQOuEQ=
6,118,mF/bmsFDw+TxbC3cSYvv4pzc1nI=,iW6gFMf35VRUBJ+v4j7+UUQOuEQ=
8,118,mF/bmsFDw+TxbC3cSYvv4pzc1nI=,iW6gFMf35VRUBJ+v4j7+UUQOuEQ=
9,118,mF/bmsFDw+TxbC3cSYvv4pzc1nI=,iW6gFMf35VRUBJ+v4j7+UUQOuEQ=
5,116,mF/bmsFDw+TxbC3cSYvv4pzc1nI=,iW6gFMf35VRUBJ+v4j7+UUQOuEQ=
5,118,mF/bmsFDw+TxbC3cSYvv4pzc1nI=,iW6gFMf35VRUBJ+v4j7+UUQOuEQ=
4,118,mF/bmsFDw+TxbC3cSYvv4pzc1nI=,iW6gFMf35VRUBJ+v4j7+UUQOuEQ=
3,118,mF/bmsFDw+TxbC3cSYvv4pzc1nI=,iW6gFMf35VRUBJ+v4j7+UUQOuEQ=
2,118,mF/bmsFDw+TxbC3cSYvv4pzc1nI=,iW6gFMf35VRUBJ+v4j7+UUQOuEQ=
6,116,mF/bmsFDw+TxbC3cSYvv4pzc1nI=,iW6gFMf35VRUBJ+v4j7+UUQOuEQ=
1,118,mF/bmsFDw+TxbC3cSYvv4pzc1nI=,iW6gFMf35VRUBJ+v4j7+UUQOuEQ=
14,117,mF/bmsFDw+TxbC3cSYvv4pzc1nI=,iW6gFMf35VRUBJ+v4j7+UUQOuEQ=
0,118,mF/bmsFDw+TxbC3cSYvv4pzc1nI=,iW6gFMf35VRUBJ+v4j7+UUQOuEQ=
13,117,mF/bmsFDw+TxbC3cSYvv4pzc1nI=,iW6gFMf35VRUBJ+v4j7+UUQOuEQ=
5,112,mF/bmsFDw+TxbC3cSYvv4pzc1nI=,iW6gFMf35VRUBJ+v4j7+UUQOuEQ=
12,117,mF/bmsFDw+TxbC3cSYvv4pzc1nI=,iW6gFMf35VRUBJ+v4j7+UUQOuEQ=
15,117,mF/bmsFDw+TxbC3cSYvv4pzc1nI=,iW6gFMf35VRUBJ+v4j7+UUQOuEQ=
10,117,mF/bmsFDw+TxbC3cSYvv4pzc1nI=,iW6gFMf35VRUBJ+v4j7+UUQOuEQ=
7,116,mF/bmsFDw+TxbC3cSYvv4pzc1nI=,iW6gFMf35VRUBJ+v4j7+UUQOuEQ=
11,117,mF/bmsFDw+TxbC3cSYvv4pzc1nI=,iW6gFMf35VRUBJ+v4j7+UUQOuEQ=
9,117,mF/bmsFDw+TxbC3cSYvv4pzc1nI=,iW6gFMf35VRUBJ+v4j7+UUQOuEQ=
7,117,mF/bmsFDw+TxbC3cSYvv4pzc1nI=,iW6gFMf35VRUBJ+v4j7+UUQOuEQ=
6,117,mF/bmsFDw+TxbC3cSYvv4pzc1nI=,iW6gFMf35VRUBJ+v4j7+UUQOuEQ=
8,117,mF/bmsFDw+TxbC3cSYvv4pzc1nI=,iW6gFMf35VRUBJ+v4j7+UUQOuEQ=
8,116,mF/bmsFDw+TxbC3cSYvv4pzc1nI=,iW6gFMf35VRUBJ+v4j7+UUQOuEQ=
5,117,mF/bmsFDw+TxbC3cSYvv4pzc1nI=,iW6gFMf35VRUBJ+v4j7+UUQOuEQ=
4,117,mF/bmsFDw+TxbC3cSYvv4pzc1nI=,iW6gFMf35VRUBJ+v4j7+UUQOuEQ=
2,117,mF/bmsFDw+TxbC3cSYvv4pzc1nI=,iW6gFMf35VRUBJ+v4j7+UUQOuEQ=
3,117,mF/bmsFDw+TxbC3cSYvv4pzc1nI=,iW6gFMf35VRUBJ+v4j7+UUQOuEQ=
1,117,mF/bmsFDw+TxbC3cSYvv4pzc1nI=,iW6gFMf35VRUBJ+v4j7+UUQOuEQ=
4,112,mF/bmsFDw+TxbC3cSYvv4pzc1nI=,iW6gFMf35VRUBJ+v4j7+UUQOuEQ=
0,117,mF/bmsFDw+TxbC3cSYvv4pzc1nI=,iW6gFMf35VRUBJ+v4j7+UUQOuEQ=
13,116,mF/bmsFDw+TxbC3cSYvv4pzc1nI=,iW6gFMf35VRUBJ+v4j7+UUQOuEQ=
9,116,mF/bmsFDw+TxbC3cSYvv4pzc1nI=,iW6gFMf35VRUBJ+v4j7+UUQOuEQ=
14,116,mF/bmsFDw+TxbC3cSYvv4pzc1nI=,iW6gFMf35VRUBJ+v4j7+UUQOuEQ=
11,116,mF/bmsFDw+TxbC3cSYvv4pzc1nI=,iW6gFMf35VRUBJ+v4j7+UUQOuEQ=
12,116,mF/bmsFDw+TxbC3cSYvv4pzc1nI=,iW6gFMf35VRUBJ+v4j7+UUQOuEQ=
15,116,mF/bmsFDw+TxbC3cSYvv4pzc1nI=,iW6gFMf35VRUBJ+v4j7+UUQOuEQ=
10,116,mF/bmsFDw+TxbC3cSYvv4pzc1nI=,iW6gFMf35VRUBJ+v4j7+UUQOuEQ=
31,127,mF/bmsFDw+TxbC3cSYvv4pzc1nI=,iW6gFMf35VRUBJ+v4j7+UUQOuEQ=
16,113,mF/bmsFDw+TxbC3cSYvv4pzc1nI=,iW6gFMf35VRUBJ+v4j7+UUQOuEQ=
17,113,mF/bmsFDw+TxbC3cSYvv4pzc1nI=,iW6gFMf35VRUBJ+v4j7+UUQOuEQ=
18,113,mF/bmsFDw+TxbC3cSYvv4pzc1nI=,iW6gFMf35VRUBJ+v4j7+UUQOuEQ=
19,113,mF/bmsFDw+TxbC3cSYvv4pzc1nI=,iW6gFMf35VRUBJ+v4j7+UUQOuEQ=
20,113,mF/bmsFDw+TxbC3cSYvv4pzc1nI=,iW6gFMf35VRUBJ+v4j7+UUQOuEQ=
21,113,mF/bmsFDw+TxbC3cSYvv4pzc1nI=,iW6gFMf35VRUBJ+v4j7+UUQOuEQ=
22,113,mF/bmsFDw+TxbC3cSYvv4pzc1nI=,iW6gFMf35VRUBJ+v4j7+UUQOuEQ=
23,113,mF/bmsFDw+TxbC3cSYvv4pzc1nI=,iW6gFMf35VRUBJ+v4j7+UUQOuEQ=
25,113,mF/bmsFDw+TxbC3cSYvv4pzc1nI=,iW6gFMf35VRUBJ+v4j7+UUQOuEQ=
24,113,mF/bmsFDw+TxbC3cSYvv4pzc1nI=,iW6gFMf35VRUBJ+v4j7+UUQOuEQ=
26,113,mF/bmsFDw+TxbC3cSYvv4pzc1nI=,iW6gFMf35VRUBJ+v4j7+UUQOuEQ=
30,127,mF/bmsFDw+TxbC3cSYvv4pzc1nI=,iW6gFMf35VRUBJ+v4j7+UUQOuEQ=
27,113,mF/bmsFDw+TxbC3cSYvv4pzc1nI=,iW6gFMf35VRUBJ+v4j7+UUQOuEQ=
28,113,mF/bmsFDw+TxbC3cSYvv4pzc1nI=,iW6gFMf35VRUBJ+v4j7+UUQOuEQ=
30,112,mF/bmsFDw+TxbC3cSYvv4pzc1nI=,iW6gFMf35VRUBJ+v4j7+UUQOuEQ=
30,113,mF/bmsFDw+TxbC3cSYvv4pzc1nI=,iW6gFMf35VRUBJ+v4j7+UUQOuEQ=
29,113,mF/bmsFDw+TxbC3cSYvv4pzc1nI=,iW6gFMf35VRUBJ+v4j7+UUQOuEQ=
29,112,mF/bmsFDw+TxbC3cSYvv4pzc1nI=,iW6gFMf35VRUBJ+v4j7+UUQOuEQ=
28,112,mF/bmsFDw+TxbC3cSYvv4pzc1nI=,iW6gFMf35VRUBJ+v4j7+UUQOuEQ=
31,113,mF/bmsFDw+TxbC3cSYvv4pzc1nI=,iW6gFMf35VRUBJ+v4j7+UUQOuEQ=
17,114,mF/bmsFDw+TxbC3cSYvv4pzc1nI=,iW6gFMf35VRUBJ+v4j7+UUQOuEQ=
16,114,mF/bmsFDw+TxbC3cSYvv4pzc1nI=,iW6gFMf35VRUBJ+v4j7+UUQOuEQ=
31,112,mF/bmsFDw+TxbC3cSYvv4pzc1nI=,iW6gFMf35VRUBJ+v4j7+UUQOuEQ=
18,114,mF/bmsFDw+TxbC3cSYvv4pzc1nI=,iW6gFMf35VRUBJ+v4j7+UUQOuEQ=
27,112,mF/bmsFDw+TxbC3cSYvv4pzc1nI=,iW6gFMf35VRUBJ+v4j7+UUQOuEQ=
26,112,mF/bmsFDw+TxbC3cSYvv4pzc1nI=,iW6gFMf35VRUBJ+v4j7+UUQOuEQ=
25,112,mF/bmsFDw+TxbC3cSYvv4pzc1nI=,iW6gFMf35VRUBJ+v4j7+UUQOuEQ=
19,114,mF/bmsFDw+TxbC3cSYvv4pzc1nI=,iW6gFMf35VRUBJ+v4j7+UUQOuEQ=
20,114,mF/bmsFDw+TxbC3cSYvv4pzc1nI=,iW6gFMf35VRUBJ+v4j7+UUQOuEQ=
24,112,mF/bmsFDw+TxbC3cSYvv4pzc1nI=,iW6gFMf35VRUBJ+v4j7+UUQOuEQ=
23,112,mF/bmsFDw+TxbC3cSYvv4pzc1nI=,iW6gFMf35VRUBJ+v4j7+UUQOuEQ=
21,114,mF/bmsFDw+TxbC3cSYvv4pzc1nI=,iW6gFMf35VRUBJ+v4j7+UUQOuEQ=
22,112,mF/bmsFDw+TxbC3cSYvv4pzc1nI=,iW6gFMf35VRUBJ+v4j7+UUQOuEQ=
22,114,mF/bmsFDw+TxbC3cSYvv4pzc1nI=,iW6gFMf35VRUBJ+v4j7+UUQOuEQ=
21,112,mF/bmsFDw+TxbC3cSYvv4pzc1nI=,iW6gFMf35VRUBJ+v4j7+UUQOuEQ=
20,112,mF/bmsFDw+TxbC3cSYvv4pzc1nI=,iW6gFMf35VRUBJ+v4j7+UUQOuEQ=
19,112,mF/bmsFDw+TxbC3cSYvv4pzc1nI=,iW6gFMf35VRUBJ+v4j7+UUQOuEQ=
24,114,mF/bmsFDw+TxbC3cSYvv4pzc1nI=,iW6gFMf35VRUBJ+v4j7+UUQOuEQ=
17,112,mF/bmsFDw+TxbC3cSYvv4pzc1nI=,iW6gFMf35VRUBJ+v4j7+UUQOuEQ=
18,112,mF/bmsFDw+TxbC3cSYvv4pzc1nI=,iW6gFMf35VRUBJ+v4j7+UUQOuEQ=
25,114,mF/bmsFDw+TxbC3cSYvv4pzc1nI=,iW6gFMf35VRUBJ+v4j7+UUQOuEQ=
23,114,mF/bmsFDw+TxbC3cSYvv4pzc1nI=,iW6gFMf35VRUBJ+v4j7+UUQOuEQ=
29,127,mF/bmsFDw+TxbC3cSYvv4pzc1nI=,iW6gFMf35VRUBJ+v4j7+UUQOuEQ=
16,112,mF/bmsFDw+TxbC3cSYvv4pzc1nI=,iW6gFMf35VRUBJ+v4j7+UUQOuEQ=
26,114,mF/bmsFDw+TxbC3cSYvv4pzc1nI=,iW6gFMf35VRUBJ+v4j7+UUQOuEQ=
28,127,mF/bmsFDw+TxbC3cSYvv4pzc1nI=,iW6gFMf35VRUBJ+v4j7+UUQOuEQ=
27,127,mF/bmsFDw+TxbC3cSYvv4pzc1nI=,iW6gFMf35VRUBJ+v4j7+UUQOuEQ=
25,127,mF/bmsFDw+TxbC3cSYvv4pzc1nI=,iW6gFMf35VRUBJ+v4j7+UUQOuEQ=
23,127,mF/bmsFDw+TxbC3cSYvv4pzc1nI=,iW6gFMf35VRUBJ+v4j7+UUQOuEQ=
24,127,mF/bmsFDw+TxbC3cSYvv4pzc1nI=,iW6gFMf35VRUBJ+v4j7+UUQOuEQ=
22,127,mF/bmsFDw+TxbC3cSYvv4pzc1nI=,iW6gFMf35VRUBJ+v4j7+UUQOuEQ=
27,114,mF/bmsFDw+TxbC3cSYvv4pzc1nI=,iW6gFMf35VRUBJ+v4j7+UUQOuEQ=
21,127,mF/bmsFDw+TxbC3cSYvv4pzc1nI=,iW6gFMf35VRUBJ+v4j7+UUQOuEQ=
28,114,mF/bmsFDw+TxbC3cSYvv4pzc1nI=,iW6gFMf35VRUBJ+v4j7+UUQOuEQ=
29,114,mF/bmsFDw+TxbC3cSYvv4pzc1nI=,iW6gFMf35VRUBJ+v4j7+UUQOuEQ=
19,127,mF/bmsFDw+TxbC3cSYvv4pzc1nI=,iW6gFMf35VRUBJ+v4j7+UUQOuEQ=
30,114,mF/bmsFDw+TxbC3cSYvv4pzc1nI=,iW6gFMf35VRUBJ+v4j7+UUQOuEQ=
20,127,mF/bmsFDw+TxbC3cSYvv4pzc1nI=,iW6gFMf35VRUBJ+v4j7+UUQOuEQ=
31,114,mF/bmsFDw+TxbC3cSYvv4pzc1nI=,iW6gFMf35VRUBJ+v4j7+UUQOuEQ=
16,115,mF/bmsFDw+TxbC3cSYvv4pzc1nI=,iW6gFMf35VRUBJ+v4j7+UUQOuEQ=
18,127,mF/bmsFDw+TxbC3cSYvv4pzc1nI=,iW6gFMf35VRUBJ+v4j7+UUQOuEQ=
17,115,mF/bmsFDw+TxbC3cSYvv4pzc1nI=,iW6gFMf35VRUBJ+v4j7+UUQOuEQ=
16,127,mF/bmsFDw+TxbC3cSYvv4pzc1nI=,iW6gFMf35VRUBJ+v4j7+UUQOuEQ=
17,127,mF/bmsFDw+TxbC3cSYvv4pzc1nI=,iW6gFMf35VRUBJ+v4j7+UUQOuEQ=
31,126,mF/bmsFDw+TxbC3cSYvv4pzc1nI=,iW6gFMf35VRUBJ+v4j7+UUQOuEQ=
18,115,mF/bmsFDw+TxbC3cSYvv4pzc1nI=,iW6gFMf35VRUBJ+v4j7+UUQOuEQ=
29,126,mF/bmsFDw+TxbC3cSYvv4pzc1nI=,iW6gFMf35VRUBJ+v4j7+UUQOuEQ=
30,126,mF/bmsFDw+TxbC3cSYvv4pzc1nI=,iW6gFMf35VRUBJ+v4j7+UUQOuEQ=
19,115,mF/bmsFDw+TxbC3cSYvv4pzc1nI=,iW6gFMf35VRUBJ+v4j7+UUQOuEQ=
28,126,mF/bmsFDw+TxbC3cSYvv4pzc1nI=,iW6gFMf35VRUBJ+v4j7+UUQOuEQ=
20,115,mF/bmsFDw+TxbC3cSYvv4pzc1nI=,iW6gFMf35VRUBJ+v4j7+UUQOuEQ=
26,127,mF/bmsFDw+TxbC3cSYvv4pzc1nI=,iW6gFMf35VRUBJ+v4j7+UUQOuEQ=
27,126,mF/bmsFDw+TxbC3cSYvv4pzc1nI=,iW6gFMf35VRUBJ+v4j7+UUQOuEQ=
26,126,mF/bmsFDw+TxbC3cSYvv4pzc1nI=,iW6gFMf35VRUBJ+v4j7+UUQOuEQ=
21,115,mF/bmsFDw+TxbC3cSYvv4pzc1nI=,iW6gFMf35VRUBJ+v4j7+UUQOuEQ=
25,126,mF/bmsFDw+TxbC3cSYvv4pzc1nI=,iW6gFMf35VRUBJ+v4j7+UUQOuEQ=
22,115,mF/bmsFDw+TxbC3cSYvv4pzc1nI=,iW6gFMf35VRUBJ+v4j7+UUQOuEQ=
23,126,mF/bmsFDw+TxbC3cSYvv4pzc1nI=,iW6gFMf35VRUBJ+v4j7+UUQOuEQ=
22,126,mF/bmsFDw+TxbC3cSYvv4pzc1nI=,iW6gFMf35VRUBJ+v4j7+UUQOuEQ=
24,115,mF/bmsFDw+TxbC3cSYvv4pzc1nI=,iW6gFMf35VRUBJ+v4j7+UUQOuEQ=
21,126,mF/bmsFDw+TxbC3cSYvv4pzc1nI=,iW6gFMf35VRUBJ+v4j7+UUQOuEQ=
24,126,mF/bmsFDw+TxbC3cSYvv4pzc1nI=,iW6gFMf35VRUBJ+v4j7+UUQOuEQ=
19,126,mF/bmsFDw+TxbC3cSYvv4pzc1nI=,iW6gFMf35VRUBJ+v4j7+UUQOuEQ=
23,115,mF/bmsFDw+TxbC3cSYvv4pzc1nI=,iW6gFMf35VRUBJ+v4j7+UUQOuEQ=
20,126,mF/bmsFDw+TxbC3cSYvv4pzc1nI=,iW6gFMf35VRUBJ+v4j7+UUQOuEQ=
18,126,mF/bmsFDw+TxbC3cSYvv4pzc1nI=,iW6gFMf35VRUBJ+v4j7+UUQOuEQ=
25,115,mF/bmsFDw+TxbC3cSYvv4pzc1nI=,iW6gFMf35VRUBJ+v4j7+UUQOuEQ=
26,115,mF/bmsFDw+TxbC3cSYvv4pzc1nI=,iW6gFMf35VRUBJ+v4j7+UUQOuEQ=
17,126,mF/bmsFDw+TxbC3cSYvv4pzc1nI=,iW6gFMf35VRUBJ+v4j7+UUQOuEQ=
27,115,mF/bmsFDw+TxbC3cSYvv4pzc1nI=,iW6gFMf35VRUBJ+v4j7+UUQOuEQ=
31,125,mF/bmsFDw+TxbC3cSYvv4pzc1nI=,iW6gFMf35VRUBJ+v4j7+UUQOuEQ=
29,125,mF/bmsFDw+TxbC3cSYvv4pzc1nI=,iW6gFMf35VRUBJ+v4j7+UUQOuEQ=
28,115,mF/bmsFDw+TxbC3cSYvv4pzc1nI=,iW6gFMf35VRUBJ+v4j7+UUQOuEQ=
28,125,mF/bmsFDw+TxbC3cSYvv4pzc1nI=,iW6gFMf35VRUBJ+v4j7+UUQOuEQ=
30,125,mF/bmsFDw+TxbC3cSYvv4pzc1nI=,iW6gFMf35VRUBJ+v4j7+UUQOuEQ=
16,126,mF/bmsFDw+TxbC3cSYvv4pzc1nI=,iW6gFMf35VRUBJ+v4j7+UUQOuEQ=
30,115,mF/bmsFDw+TxbC3cSYvv4pzc1nI=,iW6gFMf35VRUBJ+v4j7+UUQOuEQ=
29,115,mF/bmsFDw+TxbC3cSYvv4pzc1nI=,iW6gFMf35VRUBJ+v4j7+UUQOuEQ=
26,125,mF/bmsFDw+TxbC3cSYvv4pzc1nI=,iW6gFMf35VRUBJ+v4j7+UUQOuEQ=
25,125,mF/bmsFDw+TxbC3cSYvv4pzc1nI=,iW6gFMf35VRUBJ+v4j7+UUQOuEQ=
23,125,mF/bmsFDw+TxbC3cSYvv4pzc1nI=,iW6gFMf35VRUBJ+v4j7+UUQOuEQ=
31,115,mF/bmsFDw+TxbC3cSYvv4pzc1nI=,iW6gFMf35VRUBJ+v4j7+UUQOuEQ=
27,125,mF/bmsFDw+TxbC3cSYvv4pzc1nI=,iW6gFMf35VRUBJ+v4j7+UUQOuEQ=
16,116,mF/bmsFDw+TxbC3cSYvv4pzc1nI=,iW6gFMf35VRUBJ+v4j7+UUQOuEQ=
22,125,mF/bmsFDw+TxbC3cSYvv4pzc1nI=,iW6gFMf35VRUBJ+v4j7+UUQOuEQ=
17,116,mF/bmsFDw+TxbC3cSYvv4pzc1nI=,iW6gFMf35VRUBJ+v4j7+UUQOuEQ=
20,125,mF/bmsFDw+TxbC3cSYvv4pzc1nI=,iW6gFMf35VRUBJ+v4j7+UUQOuEQ=
21,125,mF/bmsFDw+TxbC3cSYvv4pzc1nI=,iW6gFMf35VRUBJ+v4j7+UUQOuEQ=
18,116,mF/bmsFDw+TxbC3cSYvv4pzc1nI=,iW6gFMf35VRUBJ+v4j7+UUQOuEQ=
19,116,mF/bmsFDw+TxbC3cSYvv4pzc1nI=,iW6gFMf35VRUBJ+v4j7+UUQOuEQ=
24,125,mF/bmsFDw+TxbC3cSYvv4pzc1nI=,iW6gFMf35VRUBJ+v4j7+UUQOuEQ=
18,125,mF/bmsFDw+TxbC3cSYvv4pzc1nI=,iW6gFMf35VRUBJ+v4j7+UUQOuEQ=
16,125,mF/bmsFDw+TxbC3cSYvv4pzc1nI=,iW6gFMf35VRUBJ+v4j7+UUQOuEQ=
17,125,mF/bmsFDw+TxbC3cSYvv4pzc1nI=,iW6gFMf35VRUBJ+v4j7+UUQOuEQ=
20,116,mF/bmsFDw+TxbC3cSYvv4pzc1nI=,iW6gFMf35VRUBJ+v4j7+UUQOuEQ=
31,124,mF/bmsFDw+TxbC3cSYvv4pzc1nI=,iW6gFMf35VRUBJ+v4j7+UUQOuEQ=
29,124,mF/bmsFDw+TxbC3cSYvv4pzc1nI=,iW6gFMf35VRUBJ+v4j7+UUQOuEQ=
28,124,mF/bmsFDw+TxbC3cSYvv4pzc1nI=,iW6gFMf35VRUBJ+v4j7+UUQOuEQ=
30,124,mF/bmsFDw+TxbC3cSYvv4pzc1nI=,iW6gFMf35VRUBJ+v4j7+UUQOuEQ=
21,116,mF/bmsFDw+TxbC3cSYvv4pzc1nI=,iW6gFMf35VRUBJ+v4j7+UUQOuEQ=
22,116,mF/bmsFDw+TxbC3cSYvv4pzc1nI=,iW6gFMf35VRUBJ+v4j7+UUQOuEQ=
26,124,mF/bmsFDw+TxbC3cSYvv4pzc1nI=,iW6gFMf35VRUBJ+v4j7+UUQOuEQ=
23,116,mF/bmsFDw+TxbC3cSYvv4pzc1nI=,iW6gFMf35VRUBJ+v4j7+UUQOuEQ=
27,124,mF/bmsFDw+TxbC3cSYvv4pzc1nI=,iW6gFMf35VRUBJ+v4j7+UUQOuEQ=
25,124,mF/bmsFDw+TxbC3cSYvv4pzc1nI=,iW6gFMf35VRUBJ+v4j7+UUQOuEQ=
24,124,mF/bmsFDw+TxbC3cSYvv4pzc1nI=,iW6gFMf35VRUBJ+v4j7+UUQOuEQ=
24,116,mF/bmsFDw+TxbC3cSYvv4pzc1nI=,iW6gFMf35VRUBJ+v4j7+UUQOuEQ=
23,124,mF/bmsFDw+TxbC3cSYvv4pzc1nI=,iW6gFMf35VRUBJ+v4j7+UUQOuEQ=
25,116,mF/bmsFDw+TxbC3cSYvv4pzc1nI=,iW6gFMf35VRUBJ+v4j7+UUQOuEQ=
26,116,mF/bmsFDw+TxbC3cSYvv4pzc1nI=,iW6gFMf35VRUBJ+v4j7+UUQOuEQ=
21,124,mF/bmsFDw+TxbC3cSYvv4pzc1nI=,iW6gFMf35VRUBJ+v4j7+UUQOuEQ=
22,124,mF/bmsFDw+TxbC3cSYvv4pzc1nI=,iW6gFMf35VRUBJ+v4j7+UUQOuEQ=
20,124,mF/bmsFDw+TxbC3cSYvv4pzc1nI=,iW6gFMf35VRUBJ+v4j7+UUQOuEQ=
27,116,mF/bmsFDw+TxbC3cSYvv4pzc1nI=,iW6gFMf35VRUBJ+v4j7+UUQOuEQ=
28,116,mF/bmsFDw+TxbC3cSYvv4pzc1nI=,iW6gFMf35VRUBJ+v4j7+UUQOuEQ=
19,124,mF/bmsFDw+TxbC3cSYvv4pzc1nI=,iW6gFMf35VRUBJ+v4j7+UUQOuEQ=
17,124,mF/bmsFDw+TxbC3cSYvv4pzc1nI=,iW6gFMf35VRUBJ+v4j7+UUQOuEQ=
30,116,mF/bmsFDw+TxbC3cSYvv4pzc1nI=,iW6gFMf35VRUBJ+v4j7+UUQOuEQ=
29,116,mF/bmsFDw+TxbC3cSYvv4pzc1nI=,iW6gFMf35VRUBJ+v4j7+UUQOuEQ=
31,116,mF/bmsFDw+TxbC3cSYvv4pzc1nI=,iW6gFMf35VRUBJ+v4j7+UUQOuEQ=
16,124,mF/bmsFDw+TxbC3cSYvv4pzc1nI=,iW6gFMf35VRUBJ+v4j7+UUQOuEQ=
18,124,mF/bmsFDw+TxbC3cSYvv4pzc1nI=,iW6gFMf35VRUBJ+v4j7+UUQOuEQ=
31,123,mF/bmsFDw+TxbC3cSYvv4pzc1nI=,iW6gFMf35VRUBJ+v4j7+UUQOuEQ=
30,123,mF/bmsFDw+TxbC3cSYvv4pzc1nI=,iW6gFMf35VRUBJ+v4j7+UUQOuEQ=
16,117,mF/bmsFDw+TxbC3cSYvv4pzc1nI=,iW6gFMf35VRUBJ+v4j7+UUQOuEQ=
29,123,mF/bmsFDw+TxbC3cSYvv4pzc1nI=,iW6gFMf35VRUBJ+v4j7+UUQOuEQ=
17,117,mF/bmsFDw+TxbC3cSYvv4pzc1nI=,iW6gFMf35VRUBJ+v4j7+UUQOuEQ=
28,123,mF/bmsFDw+TxbC3cSYvv4pzc1nI=,iW6gFMf35VRUBJ+v4j7+UUQOuEQ=
27,123,mF/bmsFDw+TxbC3cSYvv4pzc1nI=,iW6gFMf35VRUBJ+v4j7+UUQOuEQ=
18,117,mF/bmsFDw+TxbC3cSYvv4pzc1nI=,iW6gFMf35VRUBJ+v4j7+UUQOuEQ=
25,123,mF/bmsFDw+TxbC3cSYvv4pzc1nI=,iW6gFMf35VRUBJ+v4j7+UUQOuEQ=
26,123,mF/bmsFDw+TxbC3cSYvv4pzc1nI=,iW6gFMf35VRUBJ+v4j7+UUQOuEQ=
23,123,mF/bmsFDw+TxbC3cSYvv4pzc1nI=,iW6gFMf35VRUBJ+v4j7+UUQOuEQ=
19,117,mF/bmsFDw+TxbC3cSYvv4pzc1nI=,iW6gFMf35VRUBJ+v4j7+UUQOuEQ=
24,123,mF/bmsFDw+TxbC3cSYvv4pzc1nI=,iW6gFMf35VRUBJ+v4j7+UUQOuEQ=
21,123,mF/bmsFDw+TxbC3cSYvv4pzc1nI=,iW6gFMf35VRUBJ+v4j7+UUQOuEQ=
20,117,mF/bmsFDw+TxbC3cSYvv4pzc1nI=,iW6gFMf35VRUBJ+v4j7+UUQOuEQ=
21,117,mF/bmsFDw+TxbC3cSYvv4pzc1nI=,iW6gFMf35VRUBJ+v4j7+UUQOuEQ=
22,117,mF/bmsFDw+TxbC3cSYvv4pzc1nI=,iW6gFMf35VRUBJ+v4j7+UUQOuEQ=
20,123,mF/bmsFDw+TxbC3cSYvv4pzc1nI=,iW6gFMf35VRUBJ+v4j7+UUQOuEQ=
19,123,mF/bmsFDw+TxbC3cSYvv4pzc1nI=,iW6gFMf35VRUBJ+v4j7+UUQOuEQ=
23,117,mF/bmsFDw+TxbC3cSYvv4pzc1nI=,iW6gFMf35VRUBJ+v4j7+UUQOuEQ=
18,123,mF/bmsFDw+TxbC3cSYvv4pzc1nI=,iW6gFMf35VRUBJ+v4j7+UUQOuEQ=
17,123,mF/bmsFDw+TxbC3cSYvv4pzc1nI=,iW6gFMf35VRUBJ+v4j7+UUQOuEQ=
31,122,mF/bmsFDw+TxbC3cSYvv4pzc1nI=,iW6gFMf35VRUBJ+v4j7+UUQOuEQ=
16,123,mF/bmsFDw+TxbC3cSYvv4pzc1nI=,iW6gFMf35VRUBJ+v4j7+UUQOuEQ=
29,122,mF/bmsFDw+TxbC3cSYvv4pzc1nI=,iW6gFMf35VRUBJ+v4j7+UUQOuEQ=
30,122,mF/bmsFDw+TxbC3cSYvv4pzc1nI=,iW6gFMf35VRUBJ+v4j7+UUQOuEQ=
24,117,mF/bmsFDw+TxbC3cSYvv4pzc1nI=,iW6gFMf35VRUBJ+v4j7+UUQOuEQ=
25,117,mF/bmsFDw+TxbC3cSYvv4pzc1nI=,iW6gFMf35VRUBJ+v4j7+UUQOuEQ=
26,117,mF/bmsFDw+TxbC3cSYvv4pzc1nI=,iW6gFMf35VRUBJ+v4j7+UUQOuEQ=
27,122,mF/bmsFDw+TxbC3cSYvv4pzc1nI=,iW6gFMf35VRUBJ+v4j7+UUQOuEQ=
28,122,mF/bmsFDw+TxbC3cSYvv4pzc1nI=,iW6gFMf35VRUBJ+v4j7+UUQOuEQ=
27,117,mF/bmsFDw+TxbC3cSYvv4pzc1nI=,iW6gFMf35VRUBJ+v4j7+UUQOuEQ=
26,122,mF/bmsFDw+TxbC3cSYvv4pzc1nI=,iW6gFMf35VRUBJ+v4j7+UUQOuEQ=
28,117,mF/bmsFDw+TxbC3cSYvv4pzc1nI=,iW6gFMf35VRUBJ+v4j7+UUQOuEQ=
24,122,mF/bmsFDw+TxbC3cSYvv4pzc1nI=,iW6gFMf35VRUBJ+v4j7+UUQOuEQ=
25,122,mF/bmsFDw+TxbC3cSYvv4pzc1nI=,iW6gFMf35VRUBJ+v4j7+UUQOuEQ=
23,122,mF/bmsFDw+TxbC3cSYvv4pzc1nI=,iW6gFMf35VRUBJ+v4j7+UUQOuEQ=
29,117,mF/bmsFDw+TxbC3cSYvv4pzc1nI=,iW6gFMf35VRUBJ+v4j7+UUQOuEQ=
19,125,mF/bmsFDw+TxbC3cSYvv4pzc1nI=,iW6gFMf35VRUBJ+v4j7+UUQOuEQ=
21,122,mF/bmsFDw+TxbC3cSYvv4pzc1nI=,iW6gFMf35VRUBJ+v4j7+UUQOuEQ=
30,117,mF/bmsFDw+TxbC3cSYvv4pzc1nI=,iW6gFMf35VRUBJ+v4j7+UUQOuEQ=
22,122,mF/bmsFDw+TxbC3cSYvv4pzc1nI=,iW6gFMf35VRUBJ+v4j7+UUQOuEQ=
20,122,mF/bmsFDw+TxbC3cSYvv4pzc1nI=,iW6gFMf35VRUBJ+v4j7+UUQOuEQ=
31,117,mF/bmsFDw+TxbC3cSYvv4pzc1nI=,iW6gFMf35VRUBJ+v4j7+UUQOuEQ=
19,122,mF/bmsFDw+TxbC3cSYvv4pzc1nI=,iW6gFMf35VRUBJ+v4j7+UUQOuEQ=
17,122,mF/bmsFDw+TxbC3cSYvv4pzc1nI=,iW6gFMf35VRUBJ+v4j7+UUQOuEQ=
16,122,mF/bmsFDw+TxbC3cSYvv4pzc1nI=,iW6gFMf35VRUBJ+v4j7+UUQOuEQ=
16,118,mF/bmsFDw+TxbC3cSYvv4pzc1nI=,iW6gFMf35VRUBJ+v4j7+UUQOuEQ=
30,121,mF/bmsFDw+TxbC3cSYvv4pzc1nI=,iW6gFMf35VRUBJ+v4j7+UUQOuEQ=
18,122,mF/bmsFDw+TxbC3cSYvv4pzc1nI=,iW6gFMf35VRUBJ+v4j7+UUQOuEQ=
31,121,mF/bmsFDw+TxbC3cSYvv4pzc1nI=,iW6gFMf35VRUBJ+v4j7+UUQOuEQ=
17,118,mF/bmsFDw+TxbC3cSYvv4pzc1nI=,iW6gFMf35VRUBJ+v4j7+UUQOuEQ=
28,121,mF/bmsFDw+TxbC3cSYvv4pzc1nI=,iW6gFMf35VRUBJ+v4j7+UUQOuEQ=
29,121,mF/bmsFDw+TxbC3cSYvv4pzc1nI=,iW6gFMf35VRUBJ+v4j7+UUQOuEQ=
26,121,mF/bmsFDw+TxbC3cSYvv4pzc1nI=,iW6gFMf35VRUBJ+v4j7+UUQOuEQ=
25,121,mF/bmsFDw+TxbC3cSYvv4pzc1nI=,iW6gFMf35VRUBJ+v4j7+UUQOuEQ=
24,121,mF/bmsFDw+TxbC3cSYvv4pzc1nI=,iW6gFMf35VRUBJ+v4j7+UUQOuEQ=
22,121,mF/bmsFDw+TxbC3cSYvv4pzc1nI=,iW6gFMf35VRUBJ+v4j7+UUQOuEQ=
18,118,mF/bmsFDw+TxbC3cSYvv4pzc1nI=,iW6gFMf35VRUBJ+v4j7+UUQOuEQ=
23,121,mF/bmsFDw+TxbC3cSYvv4pzc1nI=,iW6gFMf35VRUBJ+v4j7+UUQOuEQ=
21,121,mF/bmsFDw+TxbC3cSYvv4pzc1nI=,iW6gFMf35VRUBJ+v4j7+UUQOuEQ=
20,121,mF/bmsFDw+TxbC3cSYvv4pzc1nI=,iW6gFMf35VRUBJ+v4j7+UUQOuEQ=
19,118,mF/bmsFDw+TxbC3cSYvv4pzc1nI=,iW6gFMf35VRUBJ+v4j7+UUQOuEQ=
19,121,mF/bmsFDw+TxbC3cSYvv4pzc1nI=,iW6gFMf35VRUBJ+v4j7+UUQOuEQ=
17,121,mF/bmsFDw+TxbC3cSYvv4pzc1nI=,iW6gFMf35VRUBJ+v4j7+UUQOuEQ=
20,118,mF/bmsFDw+TxbC3cSYvv4pzc1nI=,iW6gFMf35VRUBJ+v4j7+UUQOuEQ=
27,121,mF/bmsFDw+TxbC3cSYvv4pzc1nI=,iW6gFMf35VRUBJ+v4j7+UUQOuEQ=
16,121,mF/bmsFDw+TxbC3cSYvv4pzc1nI=,iW6gFMf35VRUBJ+v4j7+UUQOuEQ=
31,120,mF/bmsFDw+TxbC3cSYvv4pzc1nI=,iW6gFMf35VRUBJ+v4j7+UUQOuEQ=
21,118,mF/bmsFDw+TxbC3cSYvv4pzc1nI=,iW6gFMf35VRUBJ+v4j7+UUQOuEQ=
30,120,mF/bmsFDw+TxbC3cSYvv4pzc1nI=,iW6gFMf35VRUBJ+v4j7+UUQOuEQ=
29,120,mF/bmsFDw+TxbC3cSYvv4pzc1nI=,iW6gFMf35VRUBJ+v4j7+UUQOuEQ=
22,118,mF/bmsFDw+TxbC3cSYvv4pzc1nI=,iW6gFMf35VRUBJ+v4j7+UUQOuEQ=
28,120,mF/bmsFDw+TxbC3cSYvv4pzc1nI=,iW6gFMf35VRUBJ+v4j7+UUQOuEQ=
26,120,mF/bmsFDw+TxbC3cSYvv4pzc1nI=,iW6gFMf35VRUBJ+v4j7+UUQOuEQ=
27,120,mF/bmsFDw+TxbC3cSYvv4pzc1nI=,iW6gFMf35VRUBJ+v4j7+UUQOuEQ=
23,118,mF/bmsFDw+TxbC3cSYvv4pzc1nI=,iW6gFMf35VRUBJ+v4j7+UUQOuEQ=
25,120,mF/bmsFDw+TxbC3cSYvv4pzc1nI=,iW6gFMf35VRUBJ+v4j7+UUQOuEQ=
24,118,mF/bmsFDw+TxbC3cSYvv4pzc1nI=,iW6gFMf35VRUBJ+v4j7+UUQOuEQ=
23,120,mF/bmsFDw+TxbC3cSYvv4pzc1nI=,iW6gFMf35VRUBJ+v4j7+UUQOuEQ=
22,120,mF/bmsFDw+TxbC3cSYvv4pzc1nI=,iW6gFMf35VRUBJ+v4j7+UUQOuEQ=
21,120,mF/bmsFDw+TxbC3cSYvv4pzc1nI=,iW6gFMf35VRUBJ+v4j7+UUQOuEQ=
25,118,mF/bmsFDw+TxbC3cSYvv4pzc1nI=,iW6gFMf35VRUBJ+v4j7+UUQOuEQ=
19,120,mF/bmsFDw+TxbC3cSYvv4pzc1nI=,iW6gFMf35VRUBJ+v4j7+UUQOuEQ=
24,120,mF/bmsFDw+TxbC3cSYvv4pzc1nI=,iW6gFMf35VRUBJ+v4j7+UUQOuEQ=
18,120,mF/bmsFDw+TxbC3cSYvv4pzc1nI=,iW6gFMf35VRUBJ+v4j7+UUQOuEQ=
20,120,mF/bmsFDw+TxbC3cSYvv4pzc1nI=,iW6gFMf35VRUBJ+v4j7+UUQOuEQ=
26,118,mF/bmsFDw+TxbC3cSYvv4pzc1nI=,iW6gFMf35VRUBJ+v4j7+UUQOuEQ=
17,120,mF/bmsFDw+TxbC3cSYvv4pzc1nI=,iW6gFMf35VRUBJ+v4j7+UUQOuEQ=
16,120,mF/bmsFDw+TxbC3cSYvv4pzc1nI=,iW6gFMf35VRUBJ+v4j7+UUQOuEQ=
30,119,mF/bmsFDw+TxbC3cSYvv4pzc1nI=,iW6gFMf35VRUBJ+v4j7+UUQOuEQ=
27,118,mF/bmsFDw+TxbC3cSYvv4pzc1nI=,iW6gFMf35VRUBJ+v4j7+UUQOuEQ=
31,119,mF/bmsFDw+TxbC3cSYvv4pzc1nI=,iW6gFMf35VRUBJ+v4j7+UUQOuEQ=
29,119,mF/bmsFDw+TxbC3cSYvv4pzc1nI=,iW6gFMf35VRUBJ+v4j7+UUQOuEQ=
28,119,mF/bmsFDw+TxbC3cSYvv4pzc1nI=,iW6gFMf35VRUBJ+v4j7+UUQOuEQ=
28,118,mF/bmsFDw+TxbC3cSYvv4pzc1nI=,iW6gFMf35VRUBJ+v4j7+UUQOuEQ=
27,119,mF/bmsFDw+TxbC3cSYvv4pzc1nI=,iW6gFMf35VRUBJ+v4j7+UUQOuEQ=
26,119,mF/bmsFDw+TxbC3cSYvv4pzc1nI=,iW6gFMf35VRUBJ+v4j7+UUQOuEQ=
25,119,mF/bmsFDw+TxbC3cSYvv4pzc1nI=,iW6gFMf35VRUBJ+v4j7+UUQOuEQ=
24,119,mF/bmsFDw+TxbC3cSYvv4pzc1nI=,iW6gFMf35VRUBJ+v4j7+UUQOuEQ=
29,118,mF/bmsFDw+TxbC3cSYvv4pzc1nI=,iW6gFMf35VRUBJ+v4j7+UUQOuEQ=
23,119,mF/bmsFDw+TxbC3cSYvv4pzc1nI=,iW6gFMf35VRUBJ+v4j7+UUQOuEQ=
22,119,mF/bmsFDw+TxbC3cSYvv4pzc1nI=,iW6gFMf35VRUBJ+v4j7+UUQOuEQ=
19,119,mF/bmsFDw+TxbC3cSYvv4pzc1nI=,iW6gFMf35VRUBJ+v4j7+UUQOuEQ=
18,119,mF/bmsFDw+TxbC3cSYvv4pzc1nI=,iW6gFMf35VRUBJ+v4j7+UUQOuEQ=
20,119,mF/bmsFDw+TxbC3cSYvv4pzc1nI=,iW6gFMf35VRUBJ+v4j7+UUQOuEQ=
21,119,mF/bmsFDw+TxbC3cSYvv4pzc1nI=,iW6gFMf35VRUBJ+v4j7+UUQOuEQ=
17,119,mF/bmsFDw+TxbC3cSYvv4pzc1nI=,iW6gFMf35VRUBJ+v4j7+UUQOuEQ=
16,119,mF/bmsFDw+TxbC3cSYvv4pzc1nI=,iW6gFMf35VRUBJ+v4j7+UUQOuEQ=
31,118,mF/bmsFDw+TxbC3cSYvv4pzc1nI=,iW6gFMf35VRUBJ+v4j7+UUQOuEQ=
30,118,mF/bmsFDw+TxbC3cSYvv4pzc1nI=,iW6gFMf35VRUBJ+v4j7+UUQOuEQ=
22,123,mF/bmsFDw+TxbC3cSYvv4pzc1nI=,iW6gFMf35VRUBJ+v4j7+UUQOuEQ=
18,121,mF/bmsFDw+TxbC3cSYvv4pzc1nI=,iW6gFMf35VRUBJ+v4j7+UUQOuEQ=
