64,-32,BgUxpCevq+/uTfGbBXNRWPI/Wgc=,zpSntKjB/kUK/2ArQD2xt5Lo2WU=
79,-32,BgUxpCevq+/uTfGbBXNRWPI/Wgc=,zpSntKjB/kUK/2ArQD2xt5Lo2WU=
78,-31,BgUxpCevq+/uTfGbBXNRWPI/Wgc=,zpSntKjB/kUK/2ArQD2xt5Lo2WU=
78,-17,BgUxpCevq+/uTfGbBXNRWPI/Wgc=,zpSntKjB/kUK/2ArQD2xt5Lo2WU=
79,-31,BgUxpCevq+/uTfGbBXNRWPI/Wgc=,zpSntKjB/kUK/2ArQD2xt5Lo2WU=
77,-17,BgUxpCevq+/uTfGbBXNRWPI/Wgc=,zpSntKjB/kUK/2ArQD2xt5Lo2WU=
76,-17,BgUxpCevq+/uTfGbBXNRWPI/Wgc=,zpSntKjB/kUK/2ArQD2xt5Lo2WU=
64,-30,BgUxpCevq+/uTfGbBXNRWPI/Wgc=,zpSntKjB/kUK/2ArQD2xt5Lo2WU=
79,-17,BgUxpCevq+/uTfGbBXNRWPI/Wgc=,zpSntKjB/kUK/2ArQD2xt5Lo2WU=
65,-30,BgUxpCevq+/uTfGbBXNRWPI/Wgc=,zpSntKjB/kUK/2ArQD2xt5Lo2WU=
74,-17,BgUxpCevq+/uTfGbBXNRWPI/Wgc=,zpSntKjB/kUK/2ArQD2xt5Lo2WU=
66,-30,BgUxpCevq+/uTfGbBXNRWPI/Wgc=,zpSntKjB/kUK/2ArQD2xt5Lo2WU=
73,-17,BgUxpCevq+/uTfGbBXNRWPI/Wgc=,zpSntKjB/kUK/2ArQD2xt5Lo2WU=
67,-30,BgUxpCevq+/uTfGbBXNRWPI/Wgc=,zpSntKjB/kUK/2ArQD2xt5Lo2WU=
72,-17,BgUxpCevq+/uTfGbBXNRWPI/Wgc=,zpSntKjB/kUK/2ArQD2xt5Lo2WU=
68,-30,BgUxpCevq+/uTfGbBXNRWPI/Wgc=,zpSntKjB/kUK/2ArQD2xt5Lo2WU=
69,-30,BgUxpCevq+/uTfGbBXNRWPI/Wgc=,zpSntKjB/kUK/2ArQD2xt5Lo2WU=
70,-30,BgUxpCevq+/uTfGbBXNRWPI/Wgc=,zpSntKjB/kUK/2ArQD2xt5Lo2WU=
71,-30,BgUxpCevq+/uTfGbBXNRWPI/Wgc=,zpSntKjB/kUK/2ArQD2xt5Lo2WU=
72,-30,BgUxpCevq+/uTfGbBXNRWPI/Wgc=,zpSntKjB/kUK/2ArQD2xt5Lo2WU=
73,-30,BgUxpCevq+/uTfGbBXNRWPI/Wgc=,zpSntKjB/kUK/2ArQD2xt5Lo2WU=
74,-30,BgUxpCevq+/uTfGbBXNRWPI/Wgc=,zpSntKjB/kUK/2ArQD2xt5Lo2WU=
75,-30,BgUxpCevq+/uTfGbBXNRWPI/Wgc=,zpSntKjB/kUK/2ArQD2xt5Lo2WU=
77,-30,BgUxpCevq+/uTfGbBXNRWPI/Wgc=,zpSntKjB/kUK/2ArQD2xt5Lo2WU=
64,-31,BgUxpCevq+/uTfGbBXNRWPI/Wgc=,zpSntKjB/kUK/2ArQD2xt5Lo2WU=
76,-30,BgUxpCevq+/uTfGbBXNRWPI/Wgc=,zpSntKjB/kUK/2ArQD2xt5Lo2WU=
78,-30,BgUxpCevq+/uTfGbBXNRWPI/Wgc=,zpSntKjB/kUK/2ArQD2xt5Lo2WU=
79,-30,BgUxpCevq+/uTfGbBXNRWPI/Wgc=,zpSntKjB/kUK/2ArQD2xt5Lo2WU=
64,-29,BgUxpCevq+/uTfGbBXNRWPI/Wgc=,zpSntKjB/kUK/2ArQD2xt5Lo2WU=
65,-29,BgUxpCevq+/uTfGbBXNRWPI/Wgc=,zpSntKjB/kUK/2ArQD2xt5Lo2WU=
66,-29,BgUxpCevq+/uTfGbBXNRWPI/Wgc=,zpSntKjB/kUK/2ArQD2xt5Lo2WU=
67,-29,BgUxpCevq+/uTfGbBXNRWPI/Wgc=,zpSntKjB/kUK/2ArQD2xt5Lo2WU=
68,-29,BgUxpCevq+/uTfGbBXNRWPI/Wgc=,zpSntKjB/kUK/2ArQD2xt5Lo2WU=
69,-29,BgUxpCevq+/uTfGbBXNRWPI/Wgc=,zpSntKjB/kUK/2ArQD2xt5Lo2WU=
70,-29,BgUxpCevq+/uTfGbBXNRWPI/Wgc=,zpSntKjB/kUK/2ArQD2xt5Lo2WU=
71,-29,BgUxpCevq+/uTfGbBXNRWPI/Wgc=,zpSntKjB/kUK/2ArQD2xt5Lo2WU=
72,-29,BgUxpCevq+/uTfGbBXNRWPI/Wgc=,zpSntKjB/kUK/2ArQD2xt5Lo2WU=
73,-29,BgUxpCevq+/uTfGbBXNRWPI/Wgc=,zpSntKjB/kUK/2ArQD2xt5Lo2WU=
69,-17,BgUxpCevq+/uTfGbBXNRWPI/Wgc=,zpSntKjB/kUK/2ArQD2xt5Lo2WU=
74,-29,BgUxpCevq+/uTfGbBXNRWPI/Wgc=,zpSntKjB/kUK/2ArQD2xt5Lo2WU=
75,-29,BgUxpCevq+/uTfGbBXNRWPI/Wgc=,zpSntKjB/kUK/2ArQD2xt5Lo2WU=
76,-29,BgUxpCevq+/uTfGbBXNRWPI/Wgc=,zpSntKjB/kUK/2ArQD2xt5Lo2WU=
65,-31,BgUxpCevq+/uTfGbBXNRWPI/Wgc=,zpSntKjB/kUK/2ArQD2xt5Lo2WU=
77,-29,BgUxpCevq+/uTfGbBXNRWPI/Wgc=,zpSntKjB/kUK/2ArQD2xt5Lo2WU=
78,-29,BgUxpCevq+/uTfGbBXNRWPI/Wgc=,zpSntKjB/kUK/2ArQD2xt5Lo2WU=
79,-29,BgUxpCevq+/uTfGbBXNRWPI/Wgc=,zpSntKjB/kUK/2ArQD2xt5Lo2WU=
64,-28,BgUxpCevq+/uTfGbBXNRWPI/Wgc=,zpSntKjB/kUK/2ArQD2xt5Lo2WU=
65,-28,BgUxpCevq+/uTfGbBXNRWPI/Wgc=,zpSntKjB/kUK/2ArQD2xt5Lo2WU=
66,-28,BgUxpCevq+/uTfGbBXNRWPI/Wgc=,zpSntKjB/kUK/2ArQD2xt5Lo2WU=
67,-28,BgUxpCevq+/uTfGbBXNRWPI/Wgc=,zpSntKjB/kUK/2ArQD2xt5Lo2WU=
68,-28,BgUxpCevq+/uTfGbBXNRWPI/Wgc=,zpSntKjB/kUK/2ArQD2xt5Lo2WU=
67,-17,BgUxpCevq+/uTfGbBXNRWPI/Wgc=,zpSntKjB/kUK/2ArQD2xt5Lo2WU=
69,-28,BgUxpCevq+/uTfGbBXNRWPI/Wgc=,zpSntKjB/kUK/2ArQD2xt5Lo2WU=
70,-28,BgUxpCevq+/uTfGbBXNRWPI/Wgc=,zpSntKjB/kUK/2ArQD2xt5Lo2WU=
71,-28,BgUxpCevq+/uTfGbBXNRWPI/Wgc=,zpSntKjB/kUK/2ArQD2xt5Lo2WU=
72,-28,BgUxpCevq+/uTfGbBXNRWPI/Wgc=,zpSntKjB/kUK/2ArQD2xt5Lo2WU=
73,-28,BgUxpCevq+/uTfGbBXNRWPI/Wgc=,zpSntKjB/kUK/2ArQD2xt5Lo2WU=
66,-17,BgUxpCevq+/uTfGbBXNRWPI/Wgc=,zpSntKjB/kUK/2ArQD2xt5Lo2WU=
78,-32,BgUxpCevq+/uTfGbBXNRWPI/Wgc=,zpSntKjB/kUK/2ArQD2xt5Lo2WU=
74,-28,BgUxpCevq+/uTfGbBXNRWPI/Wgc=,zpSntKjB/kUK/2ArQD2xt5Lo2WU=
65,-17,BgUxpCevq+/uTfGbBXNRWPI/Wgc=,zpSntKjB/kUK/2ArQD2xt5Lo2WU=
75,-28,BgUxpCevq+/uTfGbBXNRWPI/Wgc=,zpSntKjB/kUK/2ArQD2xt5Lo2WU=
66,-31,BgUxpCevq+/uTfGbBXNRWPI/Wgc=,zpSntKjB/kUK/2ArQD2xt5Lo2WU=
76,-28,BgUxpCevq+/uTfGbBXNRWPI/Wgc=,zpSntKjB/kUK/2ArQD2xt5Lo2WU=
77,-32,BgUxpCevq+/uTfGbBXNRWPI/Wgc=,zpSntKjB/kUK/2ArQD2xt5Lo2WU=
77,-28,BgUxpCevq+/uTfGbBXNRWPI/Wgc=,zpSntKjB/kUK/2ArQD2xt5Lo2WU=
76,-32,BgUxpCevq+/uTfGbBXNRWPI/Wgc=,zpSntKjB/kUK/2ArQD2xt5Lo2WU=
74,-32,BgUxpCevq+/uTfGbBXNRWPI/Wgc=,zpSntKjB/kUK/2ArQD2xt5Lo2WU=
75,-32,BgUxpCevq+/uTfGbBXNRWPI/Wgc=,zpSntKjB/kUK/2ArQD2xt5Lo2WU=
79,-28,BgUxpCevq+/uTfGbBXNRWPI/Wgc=,zpSntKjB/kUK/2ArQD2xt5Lo2WU=
73,-32,BgUxpCevq+/uTfGbBXNRWPI/Wgc=,zpSntKjB/kUK/2ArQD2xt5Lo2WU=
64,-27,BgUxpCevq+/uTfGbBXNRWPI/Wgc=,zpSntKjB/kUK/2ArQD2xt5Lo2WU=
65,-27,BgUxpCevq+/uTfGbBXNRWPI/Wgc=,zpSntKjB/kUK/2ArQD2xt5Lo2WU=
72,-32,BgUxpCevq+/uTfGbBXNRWPI/Wgc=,zpSntKjB/kUK/2ArQD2xt5Lo2WU=
78,-28,BgUxpCevq+/uTfGbBXNRWPI/Wgc=,zpSntKjB/kUK/2ArQD2xt5Lo2WU=
66,-27,BgUxpCevq+/uTfGbBXNRWPI/Wgc=,zpSntKjB/kUK/2ArQD2xt5Lo2WU=
71,-32,BgUxpCevq+/uTfGbBXNRWPI/Wgc=,zpSntKjB/kUK/2ArQD2xt5Lo2WU=
67,-27,BgUxpCevq+/uTfGbBXNRWPI/Wgc=,zpSntKjB/kUK/2ArQD2xt5Lo2WU=
70,-32,BgUxpCevq+/uTfGbBXNRWPI/Wgc=,zpSntKjB/kUK/2ArQD2xt5Lo2WU=
68,-27,BgUxpCevq+/uTfGbBXNRWPI/Wgc=,zpSntKjB/kUK/2ArQD2xt5Lo2WU=
69,-32,BgUxpCevq+/uTfGbBXNRWPI/Wgc=,zpSntKjB/kUK/2ArQD2xt5Lo2WU=
69,-27,BgUxpCevq+/uTfGbBXNRWPI/Wgc=,zpSntKjB/kUK/2ArQD2xt5Lo2WU=
70,-27,BgUxpCevq+/uTfGbBXNRWPI/Wgc=,zpSntKjB/kUK/2ArQD2xt5Lo2WU=
68,-32,BgUxpCevq+/uTfGbBXNRWPI/Wgc=,zpSntKjB/kUK/2ArQD2xt5Lo2WU=
71,-27,BgUxpCevq+/uTfGbBXNRWPI/Wgc=,zpSntKjB/kUK/2ArQD2xt5Lo2WU=
72,-27,BgUxpCevq+/uTfGbBXNRWPI/Wgc=,zpSntKjB/kUK/2ArQD2xt5Lo2WU=
67,-32,BgUxpCevq+/uTfGbBXNRWPI/Wgc=,zpSntKjB/kUK/2ArQD2xt5Lo2WU=
66,-32,BgUxpCevq+/uTfGbBXNRWPI/Wgc=,zpSntKjB/kUK/2ArQD2xt5Lo2WU=
73,-27,BgUxpCevq+/uTfGbBXNRWPI/Wgc=,zpSntKjB/kUK/2ArQD2xt5Lo2WU=
74,-27,BgUxpCevq+/uTfGbBXNRWPI/Wgc=,zpSntKjB/kUK/2ArQD2xt5Lo2WU=
65,-32,BgUxpCevq+/uTfGbBXNRWPI/Wgc=,zpSntKjB/kUK/2ArQD2xt5Lo2WU=
77,-31,BgUxpCevq+/uTfGbBXNRWPI/Wgc=,zpSntKjB/kUK/2ArQD2xt5Lo2WU=
67,-31,BgUxpCevq+/uTfGbBXNRWPI/Wgc=,zpSntKjB/kUK/2ArQD2xt5Lo2WU=
75,-27,BgUxpCevq+/uTfGbBXNRWPI/Wgc=,zpSntKjB/kUK/2ArQD2xt5Lo2WU=
79,-18,BgUxpCevq+/uTfGbBXNRWPI/Wgc=,zpSntKjB/kUK/2ArQD2xt5Lo2WU=
76,-27,BgUxpCevq+/uTfGbBXNRWPI/Wgc=,zpSntKjB/kUK/2ArQD2xt5Lo2WU=
77,-27,BgUxpCevq+/uTfGbBXNRWPI/Wgc=,zpSntKjB/kUK/2ArQD2xt5Lo2WU=
78,-18,BgUxpCevq+/uTfGbBXNRWPI/Wgc=,zpSntKjB/kUK/2ArQD2xt5Lo2WU=
78,-27,BgUxpCevq+/uTfGbBXNRWPI/Wgc=,zpSntKjB/kUK/2ArQD2xt5Lo2WU=
79,-27,BgUxpCevq+/uTfGbBXNRWPI/Wgc=,zpSntKjB/kUK/2ArQD2xt5Lo2WU=
76,-18,BgUxpCevq+/uTfGbBXNRWPI/Wgc=,zpSntKjB/kUK/2ArQD2xt5Lo2WU=
64,-26,BgUxpCevq+/uTfGbBXNRWPI/Wgc=,zpSntKjB/kUK/2ArQD2xt5Lo2WU=
65,-26,BgUxpCevq+/uTfGbBXNRWPI/Wgc=,zpSntKjB/kUK/2ArQD2xt5Lo2WU=
66,-26,BgUxpCevq+/uTfGbBXNRWPI/Wgc=,zpSntKjB/kUK/2ArQD2xt5Lo2WU=
75,-18,BgUxpCevq+/uTfGbBXNRWPI/Wgc=,zpSntKjB/kUK/2ArQD2xt5Lo2WU=
74,-18,BgUxpCevq+/uTfGbBXNRWPI/Wgc=,zpSntKjB/kUK/2ArQD2xt5Lo2WU=
67,-26,BgUxpCevq+/uTfGbBXNRWPI/Wgc=,zpSntKjB/kUK/2ArQD2xt5Lo2WU=
68,-26,BgUxpCevq+/uTfGbBXNRWPI/Wgc=,zpSntKjB/kUK/2ArQD2xt5Lo2WU=
73,-18,BgUxpCevq+/uTfGbBXNRWPI/Wgc=,zpSntKjB/kUK/2ArQD2xt5Lo2WU=
69,-26,BgUxpCevq+/uTfGbBXNRWPI/Wgc=,zpSntKjB/kUK/2ArQD2xt5Lo2WU=
70,-26,BgUxpCevq+/uTfGbBXNRWPI/Wgc=,zpSntKjB/kUK/2ArQD2xt5Lo2WU=
72,-18,BgUxpCevq+/uTfGbBXNRWPI/Wgc=,zpSntKjB/kUK/2ArQD2xt5Lo2WU=
71,-26,BgUxpCevq+/uTfGbBXNRWPI/Wgc=,zpSntKjB/kUK/2ArQD2xt5Lo2WU=
71,-18,BgUxpCevq+/uTfGbBXNRWPI/Wgc=,zpSntKjB/kUK/2ArQD2xt5Lo2WU=
72,-26,BgUxpCevq+/uTfGbBXNRWPI/Wgc=,zpSntKjB/kUK/2ArQD2xt5Lo2WU=
77,-18,BgUxpCevq+/uTfGbBXNRWPI/Wgc=,zpSntKjB/kUK/2ArQD2xt5Lo2WU=
73,-26,BgUxpCevq+/uTfGbBXNRWPI/Wgc=,zpSntKjB/kUK/2ArQD2xt5Lo2WU=
68,-31,BgUxpCevq+/uTfGbBXNRWPI/Wgc=,zpSntKjB/kUK/2ArQD2xt5Lo2WU=
74,-26,BgUxpCevq+/uTfGbBXNRWPI/Wgc=,zpSntKjB/kUK/2ArQD2xt5Lo2WU=
69,-18,BgUxpCevq+/uTfGbBXNRWPI/Wgc=,zpSntKjB/kUK/2ArQD2xt5Lo2WU=
75,-26,BgUxpCevq+/uTfGbBXNRWPI/Wgc=,zpSntKjB/kUK/2ArQD2xt5Lo2WU=
76,-26,BgUxpCevq+/uTfGbBXNRWPI/Wgc=,zpSntKjB/kUK/2ArQD2xt5Lo2WU=
68,-18,BgUxpCevq+/uTfGbBXNRWPI/Wgc=,zpSntKjB/kUK/2ArQD2xt5Lo2WU=
78,-26,BgUxpCevq+/uTfGbBXNRWPI/Wgc=,zpSntKjB/kUK/2ArQD2xt5Lo2WU=
77,-26,BgUxpCevq+/uTfGbBXNRWPI/Wgc=,zpSntKjB/kUK/2ArQD2xt5Lo2WU=
79,-26,BgUxpCevq+/uTfGbBXNRWPI/Wgc=,zpSntKjB/kUK/2ArQD2xt5Lo2WU=
70,-17,BgUxpCevq+/uTfGbBXNRWPI/Wgc=,zpSntKjB/kUK/2ArQD2xt5Lo2WU=
64,-25,BgUxpCevq+/uTfGbBXNRWPI/Wgc=,zpSntKjB/kUK/2ArQD2xt5Lo2WU=
65,-25,BgUxpCevq+/uTfGbBXNRWPI/Wgc=,zpSntKjB/kUK/2ArQD2xt5Lo2WU=
76,-31,BgUxpCevq+/uTfGbBXNRWPI/Wgc=,zpSntKjB/kUK/2ArQD2xt5Lo2WU=
66,-25,BgUxpCevq+/uTfGbBXNRWPI/Wgc=,zpSntKjB/kUK/2ArQD2xt5Lo2WU=
67,-25,BgUxpCevq+/uTfGbBXNRWPI/Wgc=,zpSntKjB/kUK/2ArQD2xt5Lo2WU=
68,-25,BgUxpCevq+/uTfGbBXNRWPI/Wgc=,zpSntKjB/kUK/2ArQD2xt5Lo2WU=
69,-25,BgUxpCevq+/uTfGbBXNRWPI/Wgc=,zpSntKjB/kUK/2ArQD2xt5Lo2WU=
64,-18,BgUxpCevq+/uTfGbBXNRWPI/Wgc=,zpSntKjB/kUK/2ArQD2xt5Lo2WU=
70,-25,BgUxpCevq+/uTfGbBXNRWPI/Wgc=,zpSntKjB/kUK/2ArQD2xt5Lo2WU=
71,-25,BgUxpCevq+/uTfGbBXNRWPI/Wgc=,zpSntKjB/kUK/2ArQD2xt5Lo2WU=
72,-25,BgUxpCevq+/uTfGbBXNRWPI/Wgc=,zpSntKjB/kUK/2ArQD2xt5Lo2WU=
69,-31,BgUxpCevq+/uTfGbBXNRWPI/Wgc=,zpSntKjB/kUK/2ArQD2xt5Lo2WU=
73,-25,BgUxpCevq+/uTfGbBXNRWPI/Wgc=,zpSntKjB/kUK/2ArQD2xt5Lo2WU=
74,-25,BgUxpCevq+/uTfGbBXNRWPI/Wgc=,zpSntKjB/kUK/2ArQD2xt5Lo2WU=
75,-25,BgUxpCevq+/uTfGbBXNRWPI/Wgc=,zpSntKjB/kUK/2ArQD2xt5Lo2WU=
76,-25,BgUxpCevq+/uTfGbBXNRWPI/Wgc=,zpSntKjB/kUK/2ArQD2xt5Lo2WU=
77,-25,BgUxpCevq+/uTfGbBXNRWPI/Wgc=,zpSntKjB/kUK/2ArQD2xt5Lo2WU=
78,-25,BgUxpCevq+/uTfGbBXNRWPI/Wgc=,zpSntKjB/kUK/2ArQD2xt5Lo2WU=
79,-25,BgUxpCevq+/uTfGbBXNRWPI/Wgc=,zpSntKjB/kUK/2ArQD2xt5Lo2WU=
64,-24,BgUxpCevq+/uTfGbBXNRWPI/Wgc=,zpSntKjB/kUK/2ArQD2xt5Lo2WU=
65,-24,BgUxpCevq+/uTfGbBXNRWPI/Wgc=,zpSntKjB/kUK/2ArQD2xt5Lo2WU=
66,-24,BgUxpCevq+/uTfGbBXNRWPI/Wgc=,zpSntKjB/kUK/2ArQD2xt5Lo2WU=
67,-24,BgUxpCevq+/uTfGbBXNRWPI/Wgc=,zpSntKjB/kUK/2ArQD2xt5Lo2WU=
68,-24,BgUxpCevq+/uTfGbBXNRWPI/Wgc=,zpSntKjB/kUK/2ArQD2xt5Lo2WU=
69,-24,BgUxpCevq+/uTfGbBXNRWPI/Wgc=,zpSntKjB/kUK/2ArQD2xt5Lo2WU=
70,-24,BgUxpCevq+/uTfGbBXNRWPI/Wgc=,zpSntKjB/kUK/2ArQD2xt5Lo2WU=
71,-24,BgUxpCevq+/uTfGbBXNRWPI/Wgc=,zpSntKjB/kUK/2ArQD2xt5Lo2WU=
70,-31,BgUxpCevq+/uTfGbBXNRWPI/Wgc=,zpSntKjB/kUK/2ArQD2xt5Lo2WU=
72,-24,BgUxpCevq+/uTfGbBXNRWPI/Wgc=,zpSntKjB/kUK/2ArQD2xt5Lo2WU=
73,-24,BgUxpCevq+/uTfGbBXNRWPI/Wgc=,zpSntKjB/kUK/2ArQD2xt5Lo2WU=
74,-24,BgUxpCevq+/uTfGbBXNRWPI/Wgc=,zpSntKjB/kUK/2ArQD2xt5Lo2WU=
71,-17,BgUxpCevq+/uTfGbBXNRWPI/Wgc=,zpSntKjB/kUK/2ArQD2xt5Lo2WU=
75,-24,BgUxpCevq+/uTfGbBXNRWPI/Wgc=,zpSntKjB/kUK/2ArQD2xt5Lo2WU=
76,-24,BgUxpCevq+/uTfGbBXNRWPI/Wgc=,zpSntKjB/kUK/2ArQD2xt5Lo2WU=
77,-24,BgUxpCevq+/uTfGbBXNRWPI/Wgc=,zpSntKjB/kUK/2ArQD2xt5Lo2WU=
78,-19,BgUxpCevq+/uTfGbBXNRWPI/Wgc=,zpSntKjB/kUK/2ArQD2xt5Lo2WU=
78,-24,BgUxpCevq+/uTfGbBXNRWPI/Wgc=,zpSntKjB/kUK/2ArQD2xt5Lo2WU=
79,-24,BgUxpCevq+/uTfGbBXNRWPI/Wgc=,zpSntKjB/kUK/2ArQD2xt5Lo2WU=
77,-19,BgUxpCevq+/uTfGbBXNRWPI/Wgc=,zpSntKjB/kUK/2ArQD2xt5Lo2WU=
64,-23,BgUxpCevq+/uTfGbBXNRWPI/Wgc=,zpSntKjB/kUK/2ArQD2xt5Lo2WU=
65,-23,BgUxpCevq+/uTfGbBXNRWPI/Wgc=,zpSntKjB/kUK/2ArQD2xt5Lo2WU=
76,-19,BgUxpCevq+/uTfGbBXNRWPI/Wgc=,zpSntKjB/kUK/2ArQD2xt5Lo2WU=
66,-23,BgUxpCevq+/uTfGbBXNRWPI/Wgc=,zpSntKjB/kUK/2ArQD2xt5Lo2WU=
67,-23,BgUxpCevq+/uTfGbBXNRWPI/Wgc=,zpSntKjB/kUK/2ArQD2xt5Lo2WU=
75,-19,BgUxpCevq+/uTfGbBXNRWPI/Wgc=,zpSntKjB/kUK/2ArQD2xt5Lo2WU=
68,-23,BgUxpCevq+/uTfGbBXNRWPI/Wgc=,zpSntKjB/kUK/2ArQD2xt5Lo2WU=
69,-23,BgUxpCevq+/uTfGbBXNRWPI/Wgc=,zpSntKjB/kUK/2ArQD2xt5Lo2WU=
74,-19,BgUxpCevq+/uTfGbBXNRWPI/Wgc=,zpSntKjB/kUK/2ArQD2xt5Lo2WU=
70,-23,BgUxpCevq+/uTfGbBXNRWPI/Wgc=,zpSntKjB/kUK/2ArQD2xt5Lo2WU=
73,-19,BgUxpCevq+/uTfGbBXNRWPI/Wgc=,zpSntKjB/kUK/2ArQD2xt5Lo2WU=
71,-31,BgUxpCevq+/uTfGbBXNRWPI/Wgc=,zpSntKjB/kUK/2ArQD2xt5Lo2WU=
72,-19,BgUxpCevq+/uTfGbBXNRWPI/Wgc=,zpSntKjB/kUK/2ArQD2xt5Lo2WU=
71,-19,BgUxpCevq+/uTfGbBXNRWPI/Wgc=,zpSntKjB/kUK/2ArQD2xt5Lo2WU=
71,-23,BgUxpCevq+/uTfGbBXNRWPI/Wgc=,zpSntKjB/kUK/2ArQD2xt5Lo2WU=
72,-23,BgUxpCevq+/uTfGbBXNRWPI/Wgc=,zpSntKjB/kUK/2ArQD2xt5Lo2WU=
73,-23,BgUxpCevq+/uTfGbBXNRWPI/Wgc=,zpSntKjB/kUK/2ArQD2xt5Lo2WU=
74,-23,BgUxpCevq+/uTfGbBXNRWPI/Wgc=,zpSntKjB/kUK/2ArQD2xt5Lo2WU=
75,-23,BgUxpCevq+/uTfGbBXNRWPI/Wgc=,zpSntKjB/kUK/2ArQD2xt5Lo2WU=
76,-23,BgUxpCevq+/uTfGbBXNRWPI/Wgc=,zpSntKjB/kUK/2ArQD2xt5Lo2WU=
78,-23,BgUxpCevq+/uTfGbBXNRWPI/Wgc=,zpSntKjB/kUK/2ArQD2xt5Lo2WU=
79,-23,BgUxpCevq+/uTfGbBXNRWPI/Wgc=,zpSntKjB/kUK/2ArQD2xt5Lo2WU=
64,-22,BgUxpCevq+/uTfGbBXNRWPI/Wgc=,zpSntKjB/kUK/2ArQD2xt5Lo2WU=
65,-22,BgUxpCevq+/uTfGbBXNRWPI/Wgc=,zpSntKjB/kUK/2ArQD2xt5Lo2WU=
66,-22,BgUxpCevq+/uTfGbBXNRWPI/Wgc=,zpSntKjB/kUK/2ArQD2xt5Lo2WU=
67,-22,BgUxpCevq+/uTfGbBXNRWPI/Wgc=,zpSntKjB/kUK/2ArQD2xt5Lo2WU=
68,-22,BgUxpCevq+/uTfGbBXNRWPI/Wgc=,zpSntKjB/kUK/2ArQD2xt5Lo2WU=
69,-22,BgUxpCevq+/uTfGbBXNRWPI/Wgc=,zpSntKjB/kUK/2ArQD2xt5Lo2WU=
77,-23,BgUxpCevq+/uTfGbBXNRWPI/Wgc=,zpSntKjB/kUK/2ArQD2xt5Lo2WU=
72,-31,BgUxpCevq+/uTfGbBXNRWPI/Wgc=,zpSntKjB/kUK/2ArQD2xt5Lo2WU=
70,-22,BgUxpCevq+/uTfGbBXNRWPI/Wgc=,zpSntKjB/kUK/2ArQD2xt5Lo2WU=
70,-19,BgUxpCevq+/uTfGbBXNRWPI/Wgc=,zpSntKjB/kUK/2ArQD2xt5Lo2WU=
71,-22,BgUxpCevq+/uTfGbBXNRWPI/Wgc=,zpSntKjB/kUK/2ArQD2xt5Lo2WU=
72,-22,BgUxpCevq+/uTfGbBXNRWPI/Wgc=,zpSntKjB/kUK/2ArQD2xt5Lo2WU=
69,-19,BgUxpCevq+/uTfGbBXNRWPI/Wgc=,zpSntKjB/kUK/2ArQD2xt5Lo2WU=
73,-22,BgUxpCevq+/uTfGbBXNRWPI/Wgc=,zpSntKjB/kUK/2ArQD2xt5Lo2WU=
68,-19,BgUxpCevq+/uTfGbBXNRWPI/Wgc=,zpSntKjB/kUK/2ArQD2xt5Lo2WU=
74,-22,BgUxpCevq+/uTfGbBXNRWPI/Wgc=,zpSntKjB/kUK/2ArQD2xt5Lo2WU=
67,-19,BgUxpCevq+/uTfGbBXNRWPI/Wgc=,zpSntKjB/kUK/2ArQD2xt5Lo2WU=
75,-22,BgUxpCevq+/uTfGbBXNRWPI/Wgc=,zpSntKjB/kUK/2ArQD2xt5Lo2WU=
76,-22,BgUxpCevq+/uTfGbBXNRWPI/Wgc=,zpSntKjB/kUK/2ArQD2xt5Lo2WU=
75,-31,BgUxpCevq+/uTfGbBXNRWPI/Wgc=,zpSntKjB/kUK/2ArQD2xt5Lo2WU=
77,-22,BgUxpCevq+/uTfGbBXNRWPI/Wgc=,zpSntKjB/kUK/2ArQD2xt5Lo2WU=
78,-22,BgUxpCevq+/uTfGbBXNRWPI/Wgc=,zpSntKjB/kUK/2ArQD2xt5Lo2WU=
79,-22,BgUxpCevq+/uTfGbBXNRWPI/Wgc=,zpSntKjB/kUK/2ArQD2xt5Lo2WU=
64,-21,BgUxpCevq+/uTfGbBXNRWPI/Wgc=,zpSntKjB/kUK/2ArQD2xt5Lo2WU=
65,-21,BgUxpCevq+/uTfGbBXNRWPI/Wgc=,zpSntKjB/kUK/2ArQD2xt5Lo2WU=
66,-21,BgUxpCevq+/uTfGbBXNRWPI/Wgc=,zpSntKjB/kUK/2ArQD2xt5Lo2WU=
67,-21,BgUxpCevq+/uTfGbBXNRWPI/Wgc=,zpSntKjB/kUK/2ArQD2xt5Lo2WU=
68,-21,BgUxpCevq+/uTfGbBXNRWPI/Wgc=,zpSntKjB/kUK/2ArQD2xt5Lo2WU=
73,-31,BgUxpCevq+/uTfGbBXNRWPI/Wgc=,zpSntKjB/kUK/2ArQD2xt5Lo2WU=
69,-21,BgUxpCevq+/uTfGbBXNRWPI/Wgc=,zpSntKjB/kUK/2ArQD2xt5Lo2WU=
70,-21,BgUxpCevq+/uTfGbBXNRWPI/Wgc=,zpSntKjB/kUK/2ArQD2xt5Lo2WU=
72,-21,BgUxpCevq+/uTfGbBXNRWPI/Wgc=,zpSntKjB/kUK/2ArQD2xt5Lo2WU=
73,-21,BgUxpCevq+/uTfGbBXNRWPI/Wgc=,zpSntKjB/kUK/2ArQD2xt5Lo2WU=
74,-21,BgUxpCevq+/uTfGbBXNRWPI/Wgc=,zpSntKjB/kUK/2ArQD2xt5Lo2WU=
71,-21,BgUxpCevq+/uTfGbBXNRWPI/Wgc=,zpSntKjB/kUK/2ArQD2xt5Lo2WU=
75,-21,BgUxpCevq+/uTfGbBXNRWPI/Wgc=,zpSntKjB/kUK/2ArQD2xt5Lo2WU=
76,-21,BgUxpCevq+/uTfGbBXNRWPI/Wgc=,zpSntKjB/kUK/2ArQD2xt5Lo2WU=
77,-21,BgUxpCevq+/uTfGbBXNRWPI/Wgc=,zpSntKjB/kUK/2ArQD2xt5Lo2WU=
78,-21,BgUxpCevq+/uTfGbBXNRWPI/Wgc=,zpSntKjB/kUK/2ArQD2xt5Lo2WU=
79,-21,BgUxpCevq+/uTfGbBXNRWPI/Wgc=,zpSntKjB/kUK/2ArQD2xt5Lo2WU=
64,-20,BgUxpCevq+/uTfGbBXNRWPI/Wgc=,zpSntKjB/kUK/2ArQD2xt5Lo2WU=
65,-20,BgUxpCevq+/uTfGbBXNRWPI/Wgc=,zpSntKjB/kUK/2ArQD2xt5Lo2WU=
66,-20,BgUxpCevq+/uTfGbBXNRWPI/Wgc=,zpSntKjB/kUK/2ArQD2xt5Lo2WU=
67,-20,BgUxpCevq+/uTfGbBXNRWPI/Wgc=,zpSntKjB/kUK/2ArQD2xt5Lo2WU=
68,-20,BgUxpCevq+/uTfGbBXNRWPI/Wgc=,zpSntKjB/kUK/2ArQD2xt5Lo2WU=
74,-31,BgUxpCevq+/uTfGbBXNRWPI/Wgc=,zpSntKjB/kUK/2ArQD2xt5Lo2WU=
64,-17,BgUxpCevq+/uTfGbBXNRWPI/Wgc=,zpSntKjB/kUK/2ArQD2xt5Lo2WU=
65,-19,BgUxpCevq+/uTfGbBXNRWPI/Wgc=,zpSntKjB/kUK/2ArQD2xt5Lo2WU=
64,-19,BgUxpCevq+/uTfGbBXNRWPI/Wgc=,zpSntKjB/kUK/2ArQD2xt5Lo2WU=
79,-20,BgUxpCevq+/uTfGbBXNRWPI/Wgc=,zpSntKjB/kUK/2ArQD2xt5Lo2WU=
78,-20,BgUxpCevq+/uTfGbBXNRWPI/Wgc=,zpSntKjB/kUK/2ArQD2xt5Lo2WU=
77,-20,BgUxpCevq+/uTfGbBXNRWPI/Wgc=,zpSntKjB/kUK/2ArQD2xt5Lo2WU=
75,-20,BgUxpCevq+/uTfGbBXNRWPI/Wgc=,zpSntKjB/kUK/2ArQD2xt5Lo2WU=
76,-20,BgUxpCevq+/uTfGbBXNRWPI/Wgc=,zpSntKjB/kUK/2ArQD2xt5Lo2WU=
74,-20,BgUxpCevq+/uTfGbBXNRWPI/Wgc=,zpSntKjB/kUK/2ArQD2xt5Lo2WU=
73,-20,BgUxpCevq+/uTfGbBXNRWPI/Wgc=,zpSntKjB/kUK/2ArQD2xt5Lo2WU=
72,-20,BgUxpCevq+/uTfGbBXNRWPI/Wgc=,zpSntKjB/kUK/2ArQD2xt5Lo2WU=
71,-20,BgUxpCevq+/uTfGbBXNRWPI/Wgc=,zpSntKjB/kUK/2ArQD2xt5Lo2WU=
70,-18,BgUxpCevq+/uTfGbBXNRWPI/Wgc=,zpSntKjB/kUK/2ArQD2xt5Lo2WU=
75,-17,BgUxpCevq+/uTfGbBXNRWPI/Wgc=,zpSntKjB/kUK/2ArQD2xt5Lo2WU=
79,-19,BgUxpCevq+/uTfGbBXNRWPI/Wgc=,zpSntKjB/kUK/2ArQD2xt5Lo2WU=
66,-18,BgUxpCevq+/uTfGbBXNRWPI/Wgc=,zpSntKjB/kUK/2ArQD2xt5Lo2WU=
68,-17,BgUxpCevq+/uTfGbBXNRWPI/Wgc=,zpSntKjB/kUK/2ArQD2xt5Lo2WU=
69,-20,BgUxpCevq+/uTfGbBXNRWPI/Wgc=,zpSntKjB/kUK/2ArQD2xt5Lo2WU=
67,-18,BgUxpCevq+/uTfGbBXNRWPI/Wgc=,zpSntKjB/kUK/2ArQD2xt5Lo2WU=
70,-20,BgUxpCevq+/uTfGbBXNRWPI/Wgc=,zpSntKjB/kUK/2ArQD2xt5Lo2WU=
65,-18,BgUxpCevq+/uTfGbBXNRWPI/Wgc=,zpSntKjB/kUK/2ArQD2xt5Lo2WU=
66,-19,BgUxpCevq+/uTfGbBXNRWPI/Wgc=,zpSntKjB/kUK/2ArQD2xt5Lo2WU=
95,-32,BgUxpCevq+/uTfGbBXNRWPI/Wgc=,zpSntKjB/kUK/2ArQD2xt5Lo2WU=
95,-17,BgUxpCevq+/uTfGbBXNRWPI/Wgc=,zpSntKjB/kUK/2ArQD2xt5Lo2WU=
80,-31,BgUxpCevq+/uTfGbBXNRWPI/Wgc=,zpSntKjB/kUK/2ArQD2xt5Lo2WU=
80,-32,BgUxpCevq+/uTfGbBXNRWPI/Wgc=,zpSntKjB/kUK/2ArQD2xt5Lo2WU=
81,-31,BgUxpCevq+/uTfGbBXNRWPI/Wgc=,zpSntKjB/kUK/2ArQD2xt5Lo2WU=
93,-17,BgUxpCevq+/uTfGbBXNRWPI/Wgc=,zpSntKjB/kUK/2ArQD2xt5Lo2WU=
82,-31,BgUxpCevq+/uTfGbBXNRWPI/Wgc=,zpSntKjB/kUK/2ArQD2xt5Lo2WU=
83,-31,BgUxpCevq+/uTfGbBXNRWPI/Wgc=,zpSntKjB/kUK/2ArQD2xt5Lo2WU=
84,-31,BgUxpCevq+/uTfGbBXNRWPI/Wgc=,zpSntKjB/kUK/2ArQD2xt5Lo2WU=
85,-31,BgUxpCevq+/uTfGbBXNRWPI/Wgc=,zpSntKjB/kUK/2ArQD2xt5Lo2WU=
86,-31,BgUxpCevq+/uTfGbBXNRWPI/Wgc=,zpSntKjB/kUK/2ArQD2xt5Lo2WU=
87,-31,BgUxpCevq+/uTfGbBXNRWPI/Wgc=,zpSntKjB/kUK/2ArQD2xt5Lo2WU=
88,-31,BgUxpCevq+/uTfGbBXNRWPI/Wgc=,zpSntKjB/kUK/2ArQD2xt5Lo2WU=
89,-31,BgUxpCevq+/uTfGbBXNRWPI/Wgc=,zpSntKjB/kUK/2ArQD2xt5Lo2WU=
90,-31,BgUxpCevq+/uTfGbBXNRWPI/Wgc=,zpSntKjB/kUK/2ArQD2xt5Lo2WU=
91,-31,BgUxpCevq+/uTfGbBXNRWPI/Wgc=,zpSntKjB/kUK/2ArQD2xt5Lo2WU=
92,-31,BgUxpCevq+/uTfGbBXNRWPI/Wgc=,zpSntKjB/kUK/2ArQD2xt5Lo2WU=
93,-31,BgUxpCevq+/uTfGbBXNRWPI/Wgc=,zpSntKjB/kUK/2ArQD2xt5Lo2WU=
81,-32,BgUxpCevq+/uTfGbBXNRWPI/Wgc=,zpSntKjB/kUK/2ArQD2xt5Lo2WU=
94,-31,BgUxpCevq+/uTfGbBXNRWPI/Wgc=,zpSntKjB/kUK/2ArQD2xt5Lo2WU=
95,-31,BgUxpCevq+/uTfGbBXNRWPI/Wgc=,zpSntKjB/kUK/2ArQD2xt5Lo2WU=
82,-32,BgUxpCevq+/uTfGbBXNRWPI/Wgc=,zpSntKjB/kUK/2ArQD2xt5Lo2WU=
80,-30,BgUxpCevq+/uTfGbBXNRWPI/Wgc=,zpSntKjB/kUK/2ArQD2xt5Lo2WU=
81,-30,BgUxpCevq+/uTfGbBXNRWPI/Wgc=,zpSntKjB/kUK/2ArQD2xt5Lo2WU=
82,-30,BgUxpCevq+/uTfGbBXNRWPI/Wgc=,zpSntKjB/kUK/2ArQD2xt5Lo2WU=
89,-17,BgUxpCevq+/uTfGbBXNRWPI/Wgc=,zpSntKjB/kUK/2ArQD2xt5Lo2WU=
94,-17,BgUxpCevq+/uTfGbBXNRWPI/Wgc=,zpSntKjB/kUK/2ArQD2xt5Lo2WU=
83,-30,BgUxpCevq+/uTfGbBXNRWPI/Wgc=,zpSntKjB/kUK/2ArQD2xt5Lo2WU=
84,-30,BgUxpCevq+/uTfGbBXNRWPI/Wgc=,zpSntKjB/kUK/2ArQD2xt5Lo2WU=
85,-30,BgUxpCevq+/uTfGbBXNRWPI/Wgc=,zpSntKjB/kUK/2ArQD2xt5Lo2WU=
86,-30,BgUxpCevq+/uTfGbBXNRWPI/Wgc=,zpSntKjB/kUK/2ArQD2xt5Lo2WU=
87,-30,BgUxpCevq+/uTfGbBXNRWPI/Wgc=,zpSntKjB/kUK/2ArQD2xt5Lo2WU=
88,-30,BgUxpCevq+/uTfGbBXNRWPI/Wgc=,zpSntKjB/kUK/2ArQD2xt5Lo2WU=
89,-30,BgUxpCevq+/uTfGbBXNRWPI/Wgc=,zpSntKjB/kUK/2ArQD2xt5Lo2WU=
90,-30,BgUxpCevq+/uTfGbBXNRWPI/Wgc=,zpSntKjB/kUK/2ArQD2xt5Lo2WU=
91,-30,BgUxpCevq+/uTfGbBXNRWPI/Wgc=,zpSntKjB/kUK/2ArQD2xt5Lo2WU=
92,-30,BgUxpCevq+/uTfGbBXNRWPI/Wgc=,zpSntKjB/kUK/2ArQD2xt5Lo2WU=
93,-30,BgUxpCevq+/uTfGbBXNRWPI/Wgc=,zpSntKjB/kUK/2ArQD2xt5Lo2WU=
94,-30,BgUxpCevq+/uTfGbBXNRWPI/Wgc=,zpSntKjB/kUK/2ArQD2xt5Lo2WU=
95,-30,BgUxpCevq+/uTfGbBXNRWPI/Wgc=,zpSntKjB/kUK/2ArQD2xt5Lo2WU=
83,-32,BgUxpCevq+/uTfGbBXNRWPI/Wgc=,zpSntKjB/kUK/2ArQD2xt5Lo2WU=
80,-29,BgUxpCevq+/uTfGbBXNRWPI/Wgc=,zpSntKjB/kUK/2ArQD2xt5Lo2WU=
81,-29,BgUxpCevq+/uTfGbBXNRWPI/Wgc=,zpSntKjB/kUK/2ArQD2xt5Lo2WU=
87,-17,BgUxpCevq+/uTfGbBXNRWPI/Wgc=,zpSntKjB/kUK/2ArQD2xt5Lo2WU=
86,-17,BgUxpCevq+/uTfGbBXNRWPI/Wgc=,zpSntKjB/kUK/2ArQD2xt5Lo2WU=
92,-17,BgUxpCevq+/uTfGbBXNRWPI/Wgc=,zpSntKjB/kUK/2ArQD2xt5Lo2WU=
95,-18,BgUxpCevq+/uTfGbBXNRWPI/Wgc=,zpSntKjB/kUK/2ArQD2xt5Lo2WU=
94,-18,BgUxpCevq+/uTfGbBXNRWPI/Wgc=,zpSntKjB/kUK/2ArQD2xt5Lo2WU=
93,-18,BgUxpCevq+/uTfGbBXNRWPI/Wgc=,zpSntKjB/kUK/2ArQD2xt5Lo2WU=
92,-18,BgUxpCevq+/uTfGbBXNRWPI/Wgc=,zpSntKjB/kUK/2ArQD2xt5Lo2WU=
91,-17,BgUxpCevq+/uTfGbBXNRWPI/Wgc=,zpSntKjB/kUK/2ArQD2xt5Lo2WU=
88,-17,BgUxpCevq+/uTfGbBXNRWPI/Wgc=,zpSntKjB/kUK/2ArQD2xt5Lo2WU=
90,-17,BgUxpCevq+/uTfGbBXNRWPI/Wgc=,zpSntKjB/kUK/2ArQD2xt5Lo2WU=
85,-17,BgUxpCevq+/uTfGbBXNRWPI/Wgc=,zpSntKjB/kUK/2ArQD2xt5Lo2WU=
80,-17,BgUxpCevq+/uTfGbBXNRWPI/Wgc=,zpSntKjB/kUK/2ArQD2xt5Lo2WU=
84,-17,BgUxpCevq+/uTfGbBXNRWPI/Wgc=,zpSntKjB/kUK/2ArQD2xt5Lo2WU=
82,-29,BgUxpCevq+/uTfGbBXNRWPI/Wgc=,zpSntKjB/kUK/2ArQD2xt5Lo2WU=
83,-29,BgUxpCevq+/uTfGbBXNRWPI/Wgc=,zpSntKjB/kUK/2ArQD2xt5Lo2WU=
84,-29,BgUxpCevq+/uTfGbBXNRWPI/Wgc=,zpSntKjB/kUK/2ArQD2xt5Lo2WU=
85,-29,BgUxpCevq+/uTfGbBXNRWPI/Wgc=,zpSntKjB/kUK/2ArQD2xt5Lo2WU=
90,-18,BgUxpCevq+/uTfGbBXNRWPI/Wgc=,zpSntKjB/kUK/2ArQD2xt5Lo2WU=
81,-17,BgUxpCevq+/uTfGbBXNRWPI/Wgc=,zpSntKjB/kUK/2ArQD2xt5Lo2WU=
89,-18,BgUxpCevq+/uTfGbBXNRWPI/Wgc=,zpSntKjB/kUK/2ArQD2xt5Lo2WU=
82,-17,BgUxpCevq+/uTfGbBXNRWPI/Wgc=,zpSntKjB/kUK/2ArQD2xt5Lo2WU=
83,-17,BgUxpCevq+/uTfGbBXNRWPI/Wgc=,zpSntKjB/kUK/2ArQD2xt5Lo2WU=
88,-18,BgUxpCevq+/uTfGbBXNRWPI/Wgc=,zpSntKjB/kUK/2ArQD2xt5Lo2WU=
94,-32,BgUxpCevq+/uTfGbBXNRWPI/Wgc=,zpSntKjB/kUK/2ArQD2xt5Lo2WU=
87,-18,BgUxpCevq+/uTfGbBXNRWPI/Wgc=,zpSntKjB/kUK/2ArQD2xt5Lo2WU=
94,-19,BgUxpCevq+/uTfGbBXNRWPI/Wgc=,zpSntKjB/kUK/2ArQD2xt5Lo2WU=
86,-18,BgUxpCevq+/uTfGbBXNRWPI/Wgc=,zpSntKjB/kUK/2ArQD2xt5Lo2WU=
92,-19,BgUxpCevq+/uTfGbBXNRWPI/Wgc=,zpSntKjB/kUK/2ArQD2xt5Lo2WU=
95,-19,BgUxpCevq+/uTfGbBXNRWPI/Wgc=,zpSntKjB/kUK/2ArQD2xt5Lo2WU=
91,-19,BgUxpCevq+/uTfGbBXNRWPI/Wgc=,zpSntKjB/kUK/2ArQD2xt5Lo2WU=
93,-19,BgUxpCevq+/uTfGbBXNRWPI/Wgc=,zpSntKjB/kUK/2ArQD2xt5Lo2WU=
85,-18,BgUxpCevq+/uTfGbBXNRWPI/Wgc=,zpSntKjB/kUK/2ArQD2xt5Lo2WU=
86,-29,BgUxpCevq+/uTfGbBXNRWPI/Wgc=,zpSntKjB/kUK/2ArQD2xt5Lo2WU=
84,-18,BgUxpCevq+/uTfGbBXNRWPI/Wgc=,zpSntKjB/kUK/2ArQD2xt5Lo2WU=
80,-18,BgUxpCevq+/uTfGbBXNRWPI/Wgc=,zpSntKjB/kUK/2ArQD2xt5Lo2WU=
83,-18,BgUxpCevq+/uTfGbBXNRWPI/Wgc=,zpSntKjB/kUK/2ArQD2xt5Lo2WU=
84,-19,BgUxpCevq+/uTfGbBXNRWPI/Wgc=,zpSntKjB/kUK/2ArQD2xt5Lo2WU=
83,-19,BgUxpCevq+/uTfGbBXNRWPI/Wgc=,zpSntKjB/kUK/2ArQD2xt5Lo2WU=
82,-18,BgUxpCevq+/uTfGbBXNRWPI/Wgc=,zpSntKjB/kUK/2ArQD2xt5Lo2WU=
91,-18,BgUxpCevq+/uTfGbBXNRWPI/Wgc=,zpSntKjB/kUK/2ArQD2xt5Lo2WU=
89,-19,BgUxpCevq+/uTfGbBXNRWPI/Wgc=,zpSntKjB/kUK/2ArQD2xt5Lo2WU=
93,-32,BgUxpCevq+/uTfGbBXNRWPI/Wgc=,zpSntKjB/kUK/2ArQD2xt5Lo2WU=
88,-19,BgUxpCevq+/uTfGbBXNRWPI/Wgc=,zpSntKjB/kUK/2ArQD2xt5Lo2WU=
94,-20,BgUxpCevq+/uTfGbBXNRWPI/Wgc=,zpSntKjB/kUK/2ArQD2xt5Lo2WU=
81,-18,BgUxpCevq+/uTfGbBXNRWPI/Wgc=,zpSntKjB/kUK/2ArQD2xt5Lo2WU=
85,-19,BgUxpCevq+/uTfGbBXNRWPI/Wgc=,zpSntKjB/kUK/2ArQD2xt5Lo2WU=
91,-20,BgUxpCevq+/uTfGbBXNRWPI/Wgc=,zpSntKjB/kUK/2ArQD2xt5Lo2WU=
87,-19,BgUxpCevq+/uTfGbBXNRWPI/Wgc=,zpSntKjB/kUK/2ArQD2xt5Lo2WU=
90,-19,BgUxpCevq+/uTfGbBXNRWPI/Wgc=,zpSntKjB/kUK/2ArQD2xt5Lo2WU=
93,-20,BgUxpCevq+/uTfGbBXNRWPI/Wgc=,zpSntKjB/kUK/2ArQD2xt5Lo2WU=
88,-20,BgUxpCevq+/uTfGbBXNRWPI/Wgc=,zpSntKjB/kUK/2ArQD2xt5Lo2WU=
86,-19,BgUxpCevq+/uTfGbBXNRWPI/Wgc=,zpSntKjB/kUK/2ArQD2xt5Lo2WU=
87,-29,BgUxpCevq+/uTfGbBXNRWPI/Wgc=,zpSntKjB/kUK/2ArQD2xt5Lo2WU=
88,-29,BgUxpCevq+/uTfGbBXNRWPI/Wgc=,zpSntKjB/kUK/2ArQD2xt5Lo2WU=
89,-29,BgUxpCevq+/uTfGbBXNRWPI/Wgc=,zpSntKjB/kUK/2ArQD2xt5Lo2WU=
90,-29,BgUxpCevq+/uTfGbBXNRWPI/Wgc=,zpSntKjB/kUK/2ArQD2xt5Lo2WU=
91,-29,BgUxpCevq+/uTfGbBXNRWPI/Wgc=,zpSntKjB/kUK/2ArQD2xt5Lo2WU=
92,-29,BgUxpCevq+/uTfGbBXNRWPI/Wgc=,zpSntKjB/kUK/2ArQD2xt5Lo2WU=
93,-29,BgUxpCevq+/uTfGbBXNRWPI/Wgc=,zpSntKjB/kUK/2ArQD2xt5Lo2WU=
94,-29,BgUxpCevq+/uTfGbBXNRWPI/Wgc=,zpSntKjB/kUK/2ArQD2xt5Lo2WU=
95,-29,BgUxpCevq+/uTfGbBXNRWPI/Wgc=,zpSntKjB/kUK/2ArQD2xt5Lo2WU=
84,-32,BgUxpCevq+/uTfGbBXNRWPI/Wgc=,zpSntKjB/kUK/2ArQD2xt5Lo2WU=
80,-28,BgUxpCevq+/uTfGbBXNRWPI/Wgc=,zpSntKjB/kUK/2ArQD2xt5Lo2WU=
81,-28,BgUxpCevq+/uTfGbBXNRWPI/Wgc=,zpSntKjB/kUK/2ArQD2xt5Lo2WU=
82,-28,BgUxpCevq+/uTfGbBXNRWPI/Wgc=,zpSntKjB/kUK/2ArQD2xt5Lo2WU=
83,-28,BgUxpCevq+/uTfGbBXNRWPI/Wgc=,zpSntKjB/kUK/2ArQD2xt5Lo2WU=
84,-28,BgUxpCevq+/uTfGbBXNRWPI/Wgc=,zpSntKjB/kUK/2ArQD2xt5Lo2WU=
85,-28,BgUxpCevq+/uTfGbBXNRWPI/Wgc=,zpSntKjB/kUK/2ArQD2xt5Lo2WU=
86,-28,BgUxpCevq+/uTfGbBXNRWPI/Wgc=,zpSntKjB/kUK/2ArQD2xt5Lo2WU=
87,-28,BgUxpCevq+/uTfGbBXNRWPI/Wgc=,zpSntKjB/kUK/2ArQD2xt5Lo2WU=
88,-28,BgUxpCevq+/uTfGbBXNRWPI/Wgc=,zpSntKjB/kUK/2ArQD2xt5Lo2WU=
89,-28,BgUxpCevq+/uTfGbBXNRWPI/Wgc=,zpSntKjB/kUK/2ArQD2xt5Lo2WU=
89,-20,BgUxpCevq+/uTfGbBXNRWPI/Wgc=,zpSntKjB/kUK/2ArQD2xt5Lo2WU=
84,-20,BgUxpCevq+/uTfGbBXNRWPI/Wgc=,zpSntKjB/kUK/2ArQD2xt5Lo2WU=
95,-20,BgUxpCevq+/uTfGbBXNRWPI/Wgc=,zpSntKjB/kUK/2ArQD2xt5Lo2WU=
83,-20,BgUxpCevq+/uTfGbBXNRWPI/Wgc=,zpSntKjB/kUK/2ArQD2xt5Lo2WU=
80,-19,BgUxpCevq+/uTfGbBXNRWPI/Wgc=,zpSntKjB/kUK/2ArQD2xt5Lo2WU=
80,-20,BgUxpCevq+/uTfGbBXNRWPI/Wgc=,zpSntKjB/kUK/2ArQD2xt5Lo2WU=
92,-32,BgUxpCevq+/uTfGbBXNRWPI/Wgc=,zpSntKjB/kUK/2ArQD2xt5Lo2WU=
82,-19,BgUxpCevq+/uTfGbBXNRWPI/Wgc=,zpSntKjB/kUK/2ArQD2xt5Lo2WU=
92,-20,BgUxpCevq+/uTfGbBXNRWPI/Wgc=,zpSntKjB/kUK/2ArQD2xt5Lo2WU=
81,-19,BgUxpCevq+/uTfGbBXNRWPI/Wgc=,zpSntKjB/kUK/2ArQD2xt5Lo2WU=
92,-21,BgUxpCevq+/uTfGbBXNRWPI/Wgc=,zpSntKjB/kUK/2ArQD2xt5Lo2WU=
91,-21,BgUxpCevq+/uTfGbBXNRWPI/Wgc=,zpSntKjB/kUK/2ArQD2xt5Lo2WU=
90,-28,BgUxpCevq+/uTfGbBXNRWPI/Wgc=,zpSntKjB/kUK/2ArQD2xt5Lo2WU=
91,-28,BgUxpCevq+/uTfGbBXNRWPI/Wgc=,zpSntKjB/kUK/2ArQD2xt5Lo2WU=
92,-28,BgUxpCevq+/uTfGbBXNRWPI/Wgc=,zpSntKjB/kUK/2ArQD2xt5Lo2WU=
93,-28,BgUxpCevq+/uTfGbBXNRWPI/Wgc=,zpSntKjB/kUK/2ArQD2xt5Lo2WU=
94,-28,BgUxpCevq+/uTfGbBXNRWPI/Wgc=,zpSntKjB/kUK/2ArQD2xt5Lo2WU=
85,-32,BgUxpCevq+/uTfGbBXNRWPI/Wgc=,zpSntKjB/kUK/2ArQD2xt5Lo2WU=
80,-27,BgUxpCevq+/uTfGbBXNRWPI/Wgc=,zpSntKjB/kUK/2ArQD2xt5Lo2WU=
81,-27,BgUxpCevq+/uTfGbBXNRWPI/Wgc=,zpSntKjB/kUK/2ArQD2xt5Lo2WU=
82,-27,BgUxpCevq+/uTfGbBXNRWPI/Wgc=,zpSntKjB/kUK/2ArQD2xt5Lo2WU=
84,-27,BgUxpCevq+/uTfGbBXNRWPI/Wgc=,zpSntKjB/kUK/2ArQD2xt5Lo2WU=
95,-28,BgUxpCevq+/uTfGbBXNRWPI/Wgc=,zpSntKjB/kUK/2ArQD2xt5Lo2WU=
85,-27,BgUxpCevq+/uTfGbBXNRWPI/Wgc=,zpSntKjB/kUK/2ArQD2xt5Lo2WU=
86,-27,BgUxpCevq+/uTfGbBXNRWPI/Wgc=,zpSntKjB/kUK/2ArQD2xt5Lo2WU=
87,-27,BgUxpCevq+/uTfGbBXNRWPI/Wgc=,zpSntKjB/kUK/2ArQD2xt5Lo2WU=
88,-27,BgUxpCevq+/uTfGbBXNRWPI/Wgc=,zpSntKjB/kUK/2ArQD2xt5Lo2WU=
83,-27,BgUxpCevq+/uTfGbBXNRWPI/Wgc=,zpSntKjB/kUK/2ArQD2xt5Lo2WU=
90,-20,BgUxpCevq+/uTfGbBXNRWPI/Wgc=,zpSntKjB/kUK/2ArQD2xt5Lo2WU=
85,-20,BgUxpCevq+/uTfGbBXNRWPI/Wgc=,zpSntKjB/kUK/2ArQD2xt5Lo2WU=
87,-20,BgUxpCevq+/uTfGbBXNRWPI/Wgc=,zpSntKjB/kUK/2ArQD2xt5Lo2WU=
86,-20,BgUxpCevq+/uTfGbBXNRWPI/Wgc=,zpSntKjB/kUK/2ArQD2xt5Lo2WU=
82,-20,BgUxpCevq+/uTfGbBXNRWPI/Wgc=,zpSntKjB/kUK/2ArQD2xt5Lo2WU=
84,-21,BgUxpCevq+/uTfGbBXNRWPI/Wgc=,zpSntKjB/kUK/2ArQD2xt5Lo2WU=
83,-21,BgUxpCevq+/uTfGbBXNRWPI/Wgc=,zpSntKjB/kUK/2ArQD2xt5Lo2WU=
82,-21,BgUxpCevq+/uTfGbBXNRWPI/Wgc=,zpSntKjB/kUK/2ArQD2xt5Lo2WU=
94,-21,BgUxpCevq+/uTfGbBXNRWPI/Wgc=,zpSntKjB/kUK/2ArQD2xt5Lo2WU=
95,-21,BgUxpCevq+/uTfGbBXNRWPI/Wgc=,zpSntKjB/kUK/2ArQD2xt5Lo2WU=
80,-21,BgUxpCevq+/uTfGbBXNRWPI/Wgc=,zpSntKjB/kUK/2ArQD2xt5Lo2WU=
91,-32,BgUxpCevq+/uTfGbBXNRWPI/Wgc=,zpSntKjB/kUK/2ArQD2xt5Lo2WU=
93,-21,BgUxpCevq+/uTfGbBXNRWPI/Wgc=,zpSntKjB/kUK/2ArQD2xt5Lo2WU=
94,-22,BgUxpCevq+/uTfGbBXNRWPI/Wgc=,zpSntKjB/kUK/2ArQD2xt5Lo2WU=
93,-22,BgUxpCevq+/uTfGbBXNRWPI/Wgc=,zpSntKjB/kUK/2ArQD2xt5Lo2WU=
92,-22,BgUxpCevq+/uTfGbBXNRWPI/Wgc=,zpSntKjB/kUK/2ArQD2xt5Lo2WU=
91,-22,BgUxpCevq+/uTfGbBXNRWPI/Wgc=,zpSntKjB/kUK/2ArQD2xt5Lo2WU=
90,-21,BgUxpCevq+/uTfGbBXNRWPI/Wgc=,zpSntKjB/kUK/2ArQD2xt5Lo2WU=
89,-21,BgUxpCevq+/uTfGbBXNRWPI/Wgc=,zpSntKjB/kUK/2ArQD2xt5Lo2WU=
81,-20,BgUxpCevq+/uTfGbBXNRWPI/Wgc=,zpSntKjB/kUK/2ArQD2xt5Lo2WU=
88,-21,BgUxpCevq+/uTfGbBXNRWPI/Wgc=,zpSntKjB/kUK/2ArQD2xt5Lo2WU=
85,-21,BgUxpCevq+/uTfGbBXNRWPI/Wgc=,zpSntKjB/kUK/2ArQD2xt5Lo2WU=
89,-27,BgUxpCevq+/uTfGbBXNRWPI/Wgc=,zpSntKjB/kUK/2ArQD2xt5Lo2WU=
89,-22,BgUxpCevq+/uTfGbBXNRWPI/Wgc=,zpSntKjB/kUK/2ArQD2xt5Lo2WU=
87,-21,BgUxpCevq+/uTfGbBXNRWPI/Wgc=,zpSntKjB/kUK/2ArQD2xt5Lo2WU=
86,-22,BgUxpCevq+/uTfGbBXNRWPI/Wgc=,zpSntKjB/kUK/2ArQD2xt5Lo2WU=
81,-21,BgUxpCevq+/uTfGbBXNRWPI/Wgc=,zpSntKjB/kUK/2ArQD2xt5Lo2WU=
81,-22,BgUxpCevq+/uTfGbBXNRWPI/Wgc=,zpSntKjB/kUK/2ArQD2xt5Lo2WU=
90,-22,BgUxpCevq+/uTfGbBXNRWPI/Wgc=,zpSntKjB/kUK/2ArQD2xt5Lo2WU=
90,-32,BgUxpCevq+/uTfGbBXNRWPI/Wgc=,zpSntKjB/kUK/2ArQD2xt5Lo2WU=
95,-23,BgUxpCevq+/uTfGbBXNRWPI/Wgc=,zpSntKjB/kUK/2ArQD2xt5Lo2WU=
94,-23,BgUxpCevq+/uTfGbBXNRWPI/Wgc=,zpSntKjB/kUK/2ArQD2xt5Lo2WU=
92,-23,BgUxpCevq+/uTfGbBXNRWPI/Wgc=,zpSntKjB/kUK/2ArQD2xt5Lo2WU=
93,-23,BgUxpCevq+/uTfGbBXNRWPI/Wgc=,zpSntKjB/kUK/2ArQD2xt5Lo2WU=
91,-23,BgUxpCevq+/uTfGbBXNRWPI/Wgc=,zpSntKjB/kUK/2ArQD2xt5Lo2WU=
95,-22,BgUxpCevq+/uTfGbBXNRWPI/Wgc=,zpSntKjB/kUK/2ArQD2xt5Lo2WU=
85,-22,BgUxpCevq+/uTfGbBXNRWPI/Wgc=,zpSntKjB/kUK/2ArQD2xt5Lo2WU=
82,-22,BgUxpCevq+/uTfGbBXNRWPI/Wgc=,zpSntKjB/kUK/2ArQD2xt5Lo2WU=
88,-22,BgUxpCevq+/uTfGbBXNRWPI/Wgc=,zpSntKjB/kUK/2ArQD2xt5Lo2WU=
83,-22,BgUxpCevq+/uTfGbBXNRWPI/Wgc=,zpSntKjB/kUK/2ArQD2xt5Lo2WU=
84,-22,BgUxpCevq+/uTfGbBXNRWPI/Wgc=,zpSntKjB/kUK/2ArQD2xt5Lo2WU=
86,-21,BgUxpCevq+/uTfGbBXNRWPI/Wgc=,zpSntKjB/kUK/2ArQD2xt5Lo2WU=
90,-23,BgUxpCevq+/uTfGbBXNRWPI/Wgc=,zpSntKjB/kUK/2ArQD2xt5Lo2WU=
87,-23,BgUxpCevq+/uTfGbBXNRWPI/Wgc=,zpSntKjB/kUK/2ArQD2xt5Lo2WU=
81,-23,BgUxpCevq+/uTfGbBXNRWPI/Wgc=,zpSntKjB/kUK/2ArQD2xt5Lo2WU=
89,-32,BgUxpCevq+/uTfGbBXNRWPI/Wgc=,zpSntKjB/kUK/2ArQD2xt5Lo2WU=
89,-23,BgUxpCevq+/uTfGbBXNRWPI/Wgc=,zpSntKjB/kUK/2ArQD2xt5Lo2WU=
95,-24,BgUxpCevq+/uTfGbBXNRWPI/Wgc=,zpSntKjB/kUK/2ArQD2xt5Lo2WU=
94,-24,BgUxpCevq+/uTfGbBXNRWPI/Wgc=,zpSntKjB/kUK/2ArQD2xt5Lo2WU=
93,-24,BgUxpCevq+/uTfGbBXNRWPI/Wgc=,zpSntKjB/kUK/2ArQD2xt5Lo2WU=
87,-22,BgUxpCevq+/uTfGbBXNRWPI/Wgc=,zpSntKjB/kUK/2ArQD2xt5Lo2WU=
91,-24,BgUxpCevq+/uTfGbBXNRWPI/Wgc=,zpSntKjB/kUK/2ArQD2xt5Lo2WU=
90,-24,BgUxpCevq+/uTfGbBXNRWPI/Wgc=,zpSntKjB/kUK/2ArQD2xt5Lo2WU=
89,-24,BgUxpCevq+/uTfGbBXNRWPI/Wgc=,zpSntKjB/kUK/2ArQD2xt5Lo2WU=
86,-23,BgUxpCevq+/uTfGbBXNRWPI/Wgc=,zpSntKjB/kUK/2ArQD2xt5Lo2WU=
88,-23,BgUxpCevq+/uTfGbBXNRWPI/Wgc=,zpSntKjB/kUK/2ArQD2xt5Lo2WU=
90,-27,BgUxpCevq+/uTfGbBXNRWPI/Wgc=,zpSntKjB/kUK/2ArQD2xt5Lo2WU=
91,-27,BgUxpCevq+/uTfGbBXNRWPI/Wgc=,zpSntKjB/kUK/2ArQD2xt5Lo2WU=
92,-27,BgUxpCevq+/uTfGbBXNRWPI/Wgc=,zpSntKjB/kUK/2ArQD2xt5Lo2WU=
93,-27,BgUxpCevq+/uTfGbBXNRWPI/Wgc=,zpSntKjB/kUK/2ArQD2xt5Lo2WU=
94,-27,BgUxpCevq+/uTfGbBXNRWPI/Wgc=,zpSntKjB/kUK/2ArQD2xt5Lo2WU=
95,-27,BgUxpCevq+/uTfGbBXNRWPI/Wgc=,zpSntKjB/kUK/2ArQD2xt5Lo2WU=
86,-32,BgUxpCevq+/uTfGbBXNRWPI/Wgc=,zpSntKjB/kUK/2ArQD2xt5Lo2WU=
80,-26,BgUxpCevq+/uTfGbBXNRWPI/Wgc=,zpSntKjB/kUK/2ArQD2xt5Lo2WU=
81,-26,BgUxpCevq+/uTfGbBXNRWPI/Wgc=,zpSntKjB/kUK/2ArQD2xt5Lo2WU=
82,-26,BgUxpCevq+/uTfGbBXNRWPI/Wgc=,zpSntKjB/kUK/2ArQD2xt5Lo2WU=
85,-23,BgUxpCevq+/uTfGbBXNRWPI/Wgc=,zpSntKjB/kUK/2ArQD2xt5Lo2WU=
80,-23,BgUxpCevq+/uTfGbBXNRWPI/Wgc=,zpSntKjB/kUK/2ArQD2xt5Lo2WU=
83,-26,BgUxpCevq+/uTfGbBXNRWPI/Wgc=,zpSntKjB/kUK/2ArQD2xt5Lo2WU=
84,-23,BgUxpCevq+/uTfGbBXNRWPI/Wgc=,zpSntKjB/kUK/2ArQD2xt5Lo2WU=
88,-24,BgUxpCevq+/uTfGbBXNRWPI/Wgc=,zpSntKjB/kUK/2ArQD2xt5Lo2WU=
86,-24,BgUxpCevq+/uTfGbBXNRWPI/Wgc=,zpSntKjB/kUK/2ArQD2xt5Lo2WU=
82,-23,BgUxpCevq+/uTfGbBXNRWPI/Wgc=,zpSntKjB/kUK/2ArQD2xt5Lo2WU=
88,-32,BgUxpCevq+/uTfGbBXNRWPI/Wgc=,zpSntKjB/kUK/2ArQD2xt5Lo2WU=
81,-24,BgUxpCevq+/uTfGbBXNRWPI/Wgc=,zpSntKjB/kUK/2ArQD2xt5Lo2WU=
95,-25,BgUxpCevq+/uTfGbBXNRWPI/Wgc=,zpSntKjB/kUK/2ArQD2xt5Lo2WU=
94,-25,BgUxpCevq+/uTfGbBXNRWPI/Wgc=,zpSntKjB/kUK/2ArQD2xt5Lo2WU=
92,-25,BgUxpCevq+/uTfGbBXNRWPI/Wgc=,zpSntKjB/kUK/2ArQD2xt5Lo2WU=
93,-25,BgUxpCevq+/uTfGbBXNRWPI/Wgc=,zpSntKjB/kUK/2ArQD2xt5Lo2WU=
91,-25,BgUxpCevq+/uTfGbBXNRWPI/Wgc=,zpSntKjB/kUK/2ArQD2xt5Lo2WU=
87,-24,BgUxpCevq+/uTfGbBXNRWPI/Wgc=,zpSntKjB/kUK/2ArQD2xt5Lo2WU=
85,-24,BgUxpCevq+/uTfGbBXNRWPI/Wgc=,zpSntKjB/kUK/2ArQD2xt5Lo2WU=
89,-25,BgUxpCevq+/uTfGbBXNRWPI/Wgc=,zpSntKjB/kUK/2ArQD2xt5Lo2WU=
80,-24,BgUxpCevq+/uTfGbBXNRWPI/Wgc=,zpSntKjB/kUK/2ArQD2xt5Lo2WU=
92,-24,BgUxpCevq+/uTfGbBXNRWPI/Wgc=,zpSntKjB/kUK/2ArQD2xt5Lo2WU=
84,-26,BgUxpCevq+/uTfGbBXNRWPI/Wgc=,zpSntKjB/kUK/2ArQD2xt5Lo2WU=
84,-24,BgUxpCevq+/uTfGbBXNRWPI/Wgc=,zpSntKjB/kUK/2ArQD2xt5Lo2WU=
83,-23,BgUxpCevq+/uTfGbBXNRWPI/Wgc=,zpSntKjB/kUK/2ArQD2xt5Lo2WU=
88,-25,BgUxpCevq+/uTfGbBXNRWPI/Wgc=,zpSntKjB/kUK/2ArQD2xt5Lo2WU=
82,-25,BgUxpCevq+/uTfGbBXNRWPI/Wgc=,zpSntKjB/kUK/2ArQD2xt5Lo2WU=
83,-24,BgUxpCevq+/uTfGbBXNRWPI/Wgc=,zpSntKjB/kUK/2ArQD2xt5Lo2WU=
80,-25,BgUxpCevq+/uTfGbBXNRWPI/Wgc=,zpSntKjB/kUK/2ArQD2xt5Lo2WU=
87,-32,BgUxpCevq+/uTfGbBXNRWPI/Wgc=,zpSntKjB/kUK/2ArQD2xt5Lo2WU=
95,-26,BgUxpCevq+/uTfGbBXNRWPI/Wgc=,zpSntKjB/kUK/2ArQD2xt5Lo2WU=
94,-26,BgUxpCevq+/uTfGbBXNRWPI/Wgc=,zpSntKjB/kUK/2ArQD2xt5Lo2WU=
93,-26,BgUxpCevq+/uTfGbBXNRWPI/Wgc=,zpSntKjB/kUK/2ArQD2xt5Lo2WU=
92,-26,BgUxpCevq+/uTfGbBXNRWPI/Wgc=,zpSntKjB/kUK/2ArQD2xt5Lo2WU=
91,-26,BgUxpCevq+/uTfGbBXNRWPI/Wgc=,zpSntKjB/kUK/2ArQD2xt5Lo2WU=
82,-24,BgUxpCevq+/uTfGbBXNRWPI/Wgc=,zpSntKjB/kUK/2ArQD2xt5Lo2WU=
89,-26,BgUxpCevq+/uTfGbBXNRWPI/Wgc=,zpSntKjB/kUK/2ArQD2xt5Lo2WU=
88,-26,BgUxpCevq+/uTfGbBXNRWPI/Wgc=,zpSntKjB/kUK/2ArQD2xt5Lo2WU=
87,-26,BgUxpCevq+/uTfGbBXNRWPI/Wgc=,zpSntKjB/kUK/2ArQD2xt5Lo2WU=
80,-22,BgUxpCevq+/uTfGbBXNRWPI/Wgc=,zpSntKjB/kUK/2ArQD2xt5Lo2WU=
86,-26,BgUxpCevq+/uTfGbBXNRWPI/Wgc=,zpSntKjB/kUK/2ArQD2xt5Lo2WU=
85,-25,BgUxpCevq+/uTfGbBXNRWPI/Wgc=,zpSntKjB/kUK/2ArQD2xt5Lo2WU=
85,-26,BgUxpCevq+/uTfGbBXNRWPI/Wgc=,zpSntKjB/kUK/2ArQD2xt5Lo2WU=
87,-25,BgUxpCevq+/uTfGbBXNRWPI/Wgc=,zpSntKjB/kUK/2ArQD2xt5Lo2WU=
86,-25,BgUxpCevq+/uTfGbBXNRWPI/Wgc=,zpSntKjB/kUK/2ArQD2xt5Lo2WU=
81,-25,BgUxpCevq+/uTfGbBXNRWPI/Wgc=,zpSntKjB/kUK/2ArQD2xt5Lo2WU=
83,-25,BgUxpCevq+/uTfGbBXNRWPI/Wgc=,zpSntKjB/kUK/2ArQD2xt5Lo2WU=
84,-25,BgUxpCevq+/uTfGbBXNRWPI/Wgc=,zpSntKjB/kUK/2ArQD2xt5Lo2WU=
90,-25,BgUxpCevq+/uTfGbBXNRWPI/Wgc=,zpSntKjB/kUK/2ArQD2xt5Lo2WU=
90,-26,BgUxpCevq+/uTfGbBXNRWPI/Wgc=,zpSntKjB/kUK/2ArQD2xt5Lo2WU=
64,-15,fURb+m7+xlKqRb8iMLA62oEpZ5k=,zpSntKjB/kUK/2ArQD2xt5Lo2WU=
79,-16,fURb+m7+xlKqRb8iMLA62oEpZ5k=,zpSntKjB/kUK/2ArQD2xt5Lo2WU=
79,-1,fURb+m7+xlKqRb8iMLA62oEpZ5k=,zpSntKjB/kUK/2ArQD2xt5Lo2WU=
78,-1,fURb+m7+xlKqRb8iMLA62oEpZ5k=,zpSntKjB/kUK/2ArQD2xt5Lo2WU=
77,-1,fURb+m7+xlKqRb8iMLA62oEpZ5k=,zpSntKjB/kUK/2ArQD2xt5Lo2WU=
75,-1,fURb+m7+xlKqRb8iMLA62oEpZ5k=,zpSntKjB/kUK/2ArQD2xt5Lo2WU=
76,-1,fURb+m7+xlKqRb8iMLA62oEpZ5k=,zpSntKjB/kUK/2ArQD2xt5Lo2WU=
74,-1,fURb+m7+xlKqRb8iMLA62oEpZ5k=,zpSntKjB/kUK/2ArQD2xt5Lo2WU=
72,-1,fURb+m7+xlKqRb8iMLA62oEpZ5k=,zpSntKjB/kUK/2ArQD2xt5Lo2WU=
73,-1,fURb+m7+xlKqRb8iMLA62oEpZ5k=,zpSntKjB/kUK/2ArQD2xt5Lo2WU=
70,-1,fURb+m7+xlKqRb8iMLA62oEpZ5k=,zpSntKjB/kUK/2ArQD2xt5Lo2WU=
69,-1,fURb+m7+xlKqRb8iMLA62oEpZ5k=,zpSntKjB/kUK/2ArQD2xt5Lo2WU=
68,-1,fURb+m7+xlKqRb8iMLA62oEpZ5k=,zpSntKjB/kUK/2ArQD2xt5Lo2WU=
67,-1,fURb+m7+xlKqRb8iMLA62oEpZ5k=,zpSntKjB/kUK/2ArQD2xt5Lo2WU=
66,-1,fURb+m7+xlKqRb8iMLA62oEpZ5k=,zpSntKjB/kUK/2ArQD2xt5Lo2WU=
65,-1,fURb+m7+xlKqRb8iMLA62oEpZ5k=,zpSntKjB/kUK/2ArQD2xt5Lo2WU=
78,-16,fURb+m7+xlKqRb8iMLA62oEpZ5k=,zpSntKjB/kUK/2ArQD2xt5Lo2WU=
79,-2,fURb+m7+xlKqRb8iMLA62oEpZ5k=,zpSntKjB/kUK/2ArQD2xt5Lo2WU=
64,-1,fURb+m7+xlKqRb8iMLA62oEpZ5k=,zpSntKjB/kUK/2ArQD2xt5Lo2WU=
78,-2,fURb+m7+xlKqRb8iMLA62oEpZ5k=,zpSntKjB/kUK/2ArQD2xt5Lo2WU=
76,-2,fURb+m7+xlKqRb8iMLA62oEpZ5k=,zpSntKjB/kUK/2ArQD2xt5Lo2WU=
77,-2,fURb+m7+xlKqRb8iMLA62oEpZ5k=,zpSntKjB/kUK/2ArQD2xt5Lo2WU=
71,-1,fURb+m7+xlKqRb8iMLA62oEpZ5k=,zpSntKjB/kUK/2ArQD2xt5Lo2WU=
75,-2,fURb+m7+xlKqRb8iMLA62oEpZ5k=,zpSntKjB/kUK/2ArQD2xt5Lo2WU=
74,-2,fURb+m7+xlKqRb8iMLA62oEpZ5k=,zpSntKjB/kUK/2ArQD2xt5Lo2WU=
73,-2,fURb+m7+xlKqRb8iMLA62oEpZ5k=,zpSntKjB/kUK/2ArQD2xt5Lo2WU=
72,-2,fURb+m7+xlKqRb8iMLA62oEpZ5k=,zpSntKjB/kUK/2ArQD2xt5Lo2WU=
70,-2,fURb+m7+xlKqRb8iMLA62oEpZ5k=,zpSntKjB/kUK/2ArQD2xt5Lo2WU=
69,-2,fURb+m7+xlKqRb8iMLA62oEpZ5k=,zpSntKjB/kUK/2ArQD2xt5Lo2WU=
68,-2,fURb+m7+xlKqRb8iMLA62oEpZ5k=,zpSntKjB/kUK/2ArQD2xt5Lo2WU=
71,-2,fURb+m7+xlKqRb8iMLA62oEpZ5k=,zpSntKjB/kUK/2ArQD2xt5Lo2WU=
67,-2,fURb+m7+xlKqRb8iMLA62oEpZ5k=,zpSntKjB/kUK/2ArQD2xt5Lo2WU=
66,-2,fURb+m7+xlKqRb8iMLA62oEpZ5k=,zpSntKjB/kUK/2ArQD2xt5Lo2WU=
77,-16,fURb+m7+xlKqRb8iMLA62oEpZ5k=,zpSntKjB/kUK/2ArQD2xt5Lo2WU=
64,-2,fURb+m7+xlKqRb8iMLA62oEpZ5k=,zpSntKjB/kUK/2ArQD2xt5Lo2WU=
79,-3,fURb+m7+xlKqRb8iMLA62oEpZ5k=,zpSntKjB/kUK/2ArQD2xt5Lo2WU=
78,-3,fURb+m7+xlKqRb8iMLA62oEpZ5k=,zpSntKjB/kUK/2ArQD2xt5Lo2WU=
77,-3,fURb+m7+xlKqRb8iMLA62oEpZ5k=,zpSntKjB/kUK/2ArQD2xt5Lo2WU=
65,-2,fURb+m7+xlKqRb8iMLA62oEpZ5k=,zpSntKjB/kUK/2ArQD2xt5Lo2WU=
76,-3,fURb+m7+xlKqRb8iMLA62oEpZ5k=,zpSntKjB/kUK/2ArQD2xt5Lo2WU=
74,-3,fURb+m7+xlKqRb8iMLA62oEpZ5k=,zpSntKjB/kUK/2ArQD2xt5Lo2WU=
73,-3,fURb+m7+xlKqRb8iMLA62oEpZ5k=,zpSntKjB/kUK/2ArQD2xt5Lo2WU=
75,-3,fURb+m7+xlKqRb8iMLA62oEpZ5k=,zpSntKjB/kUK/2ArQD2xt5Lo2WU=
72,-3,fURb+m7+xlKqRb8iMLA62oEpZ5k=,zpSntKjB/kUK/2ArQD2xt5Lo2WU=
71,-3,fURb+m7+xlKqRb8iMLA62oEpZ5k=,zpSntKjB/kUK/2ArQD2xt5Lo2WU=
70,-3,fURb+m7+xlKqRb8iMLA62oEpZ5k=,zpSntKjB/kUK/2ArQD2xt5Lo2WU=
69,-3,fURb+m7+xlKqRb8iMLA62oEpZ5k=,zpSntKjB/kUK/2ArQD2xt5Lo2WU=
67,-3,fURb+m7+xlKqRb8iMLA62oEpZ5k=,zpSntKjB/kUK/2ArQD2xt5Lo2WU=
68,-3,fURb+m7+xlKqRb8iMLA62oEpZ5k=,zpSntKjB/kUK/2ArQD2xt5Lo2WU=
64,-3,fURb+m7+xlKqRb8iMLA62oEpZ5k=,zpSntKjB/kUK/2ArQD2xt5Lo2WU=
79,-4,fURb+m7+xlKqRb8iMLA62oEpZ5k=,zpSntKjB/kUK/2ArQD2xt5Lo2WU=
65,-3,fURb+m7+xlKqRb8iMLA62oEpZ5k=,zpSntKjB/kUK/2ArQD2xt5Lo2WU=
78,-4,fURb+m7+xlKqRb8iMLA62oEpZ5k=,zpSntKjB/kUK/2ArQD2xt5Lo2WU=
76,-4,fURb+m7+xlKqRb8iMLA62oEpZ5k=,zpSntKjB/kUK/2ArQD2xt5Lo2WU=
77,-4,fURb+m7+xlKqRb8iMLA62oEpZ5k=,zpSntKjB/kUK/2ArQD2xt5Lo2WU=
66,-3,fURb+m7+xlKqRb8iMLA62oEpZ5k=,zpSntKjB/kUK/2ArQD2xt5Lo2WU=
75,-4,fURb+m7+xlKqRb8iMLA62oEpZ5k=,zpSntKjB/kUK/2ArQD2xt5Lo2WU=
74,-4,fURb+m7+xlKqRb8iMLA62oEpZ5k=,zpSntKjB/kUK/2ArQD2xt5Lo2WU=
72,-4,fURb+m7+xlKqRb8iMLA62oEpZ5k=,zpSntKjB/kUK/2ArQD2xt5Lo2WU=
70,-4,fURb+m7+xlKqRb8iMLA62oEpZ5k=,zpSntKjB/kUK/2ArQD2xt5Lo2WU=
71,-4,fURb+m7+xlKqRb8iMLA62oEpZ5k=,zpSntKjB/kUK/2ArQD2xt5Lo2WU=
69,-4,fURb+m7+xlKqRb8iMLA62oEpZ5k=,zpSntKjB/kUK/2ArQD2xt5Lo2WU=
67,-4,fURb+m7+xlKqRb8iMLA62oEpZ5k=,zpSntKjB/kUK/2ArQD2xt5Lo2WU=
68,-4,fURb+m7+xlKqRb8iMLA62oEpZ5k=,zpSntKjB/kUK/2ArQD2xt5Lo2WU=
65,-4,fURb+m7+xlKqRb8iMLA62oEpZ5k=,zpSntKjB/kUK/2ArQD2xt5Lo2WU=
64,-4,fURb+m7+xlKqRb8iMLA62oEpZ5k=,zpSntKjB/kUK/2ArQD2xt5Lo2WU=
73,-4,fURb+m7+xlKqRb8iMLA62oEpZ5k=,zpSntKjB/kUK/2ArQD2xt5Lo2WU=
78,-5,fURb+m7+xlKqRb8iMLA62oEpZ5k=,zpSntKjB/kUK/2ArQD2xt5Lo2WU=
77,-5,fURb+m7+xlKqRb8iMLA62oEpZ5k=,zpSntKjB/kUK/2ArQD2xt5Lo2WU=
76,-5,fURb+m7+xlKqRb8iMLA62oEpZ5k=,zpSntKjB/kUK/2ArQD2xt5Lo2WU=
75,-5,fURb+m7+xlKqRb8iMLA62oEpZ5k=,zpSntKjB/kUK/2ArQD2xt5Lo2WU=
79,-5,fURb+m7+xlKqRb8iMLA62oEpZ5k=,zpSntKjB/kUK/2ArQD2xt5Lo2WU=
74,-5,fURb+m7+xlKqRb8iMLA62oEpZ5k=,zpSntKjB/kUK/2ArQD2xt5Lo2WU=
72,-5,fURb+m7+xlKqRb8iMLA62oEpZ5k=,zpSntKjB/kUK/2ArQD2xt5Lo2WU=
71,-5,fURb+m7+xlKqRb8iMLA62oEpZ5k=,zpSntKjB/kUK/2ArQD2xt5Lo2WU=
69,-5,fURb+m7+xlKqRb8iMLA62oEpZ5k=,zpSntKjB/kUK/2ArQD2xt5Lo2WU=
70,-5,fURb+m7+xlKqRb8iMLA62oEpZ5k=,zpSntKjB/kUK/2ArQD2xt5Lo2WU=
73,-5,fURb+m7+xlKqRb8iMLA62oEpZ5k=,zpSntKjB/kUK/2ArQD2xt5Lo2WU=
68,-5,fURb+m7+xlKqRb8iMLA62oEpZ5k=,zpSntKjB/kUK/2ArQD2xt5Lo2WU=
65,-5,fURb+m7+xlKqRb8iMLA62oEpZ5k=,zpSntKjB/kUK/2ArQD2xt5Lo2WU=
66,-5,fURb+m7+xlKqRb8iMLA62oEpZ5k=,zpSntKjB/kUK/2ArQD2xt5Lo2WU=
67,-5,fURb+m7+xlKqRb8iMLA62oEpZ5k=,zpSntKjB/kUK/2ArQD2xt5Lo2WU=
79,-6,fURb+m7+xlKqRb8iMLA62oEpZ5k=,zpSntKjB/kUK/2ArQD2xt5Lo2WU=
66,-4,fURb+m7+xlKqRb8iMLA62oEpZ5k=,zpSntKjB/kUK/2ArQD2xt5Lo2WU=
78,-6,fURb+m7+xlKqRb8iMLA62oEpZ5k=,zpSntKjB/kUK/2ArQD2xt5Lo2WU=
77,-6,fURb+m7+xlKqRb8iMLA62oEpZ5k=,zpSntKjB/kUK/2ArQD2xt5Lo2WU=
76,-6,fURb+m7+xlKqRb8iMLA62oEpZ5k=,zpSntKjB/kUK/2ArQD2xt5Lo2WU=
74,-6,fURb+m7+xlKqRb8iMLA62oEpZ5k=,zpSntKjB/kUK/2ArQD2xt5Lo2WU=
75,-6,fURb+m7+xlKqRb8iMLA62oEpZ5k=,zpSntKjB/kUK/2ArQD2xt5Lo2WU=
64,-5,fURb+m7+xlKqRb8iMLA62oEpZ5k=,zpSntKjB/kUK/2ArQD2xt5Lo2WU=
71,-6,fURb+m7+xlKqRb8iMLA62oEpZ5k=,zpSntKjB/kUK/2ArQD2xt5Lo2WU=
72,-6,fURb+m7+xlKqRb8iMLA62oEpZ5k=,zpSntKjB/kUK/2ArQD2xt5Lo2WU=
73,-6,fURb+m7+xlKqRb8iMLA62oEpZ5k=,zpSntKjB/kUK/2ArQD2xt5Lo2WU=
70,-6,fURb+m7+xlKqRb8iMLA62oEpZ5k=,zpSntKjB/kUK/2ArQD2xt5Lo2WU=
68,-6,fURb+m7+xlKqRb8iMLA62oEpZ5k=,zpSntKjB/kUK/2ArQD2xt5Lo2WU=
69,-6,fURb+m7+xlKqRb8iMLA62oEpZ5k=,zpSntKjB/kUK/2ArQD2xt5Lo2WU=
67,-6,fURb+m7+xlKqRb8iMLA62oEpZ5k=,zpSntKjB/kUK/2ArQD2xt5Lo2WU=
65,-6,fURb+m7+xlKqRb8iMLA62oEpZ5k=,zpSntKjB/kUK/2ArQD2xt5Lo2WU=
66,-6,fURb+m7+xlKqRb8iMLA62oEpZ5k=,zpSntKjB/kUK/2ArQD2xt5Lo2WU=
73,-16,fURb+m7+xlKqRb8iMLA62oEpZ5k=,zpSntKjB/kUK/2ArQD2xt5Lo2WU=
64,-6,fURb+m7+xlKqRb8iMLA62oEpZ5k=,zpSntKjB/kUK/2ArQD2xt5Lo2WU=
79,-7,fURb+m7+xlKqRb8iMLA62oEpZ5k=,zpSntKjB/kUK/2ArQD2xt5Lo2WU=
76,-7,fURb+m7+xlKqRb8iMLA62oEpZ5k=,zpSntKjB/kUK/2ArQD2xt5Lo2WU=
78,-7,fURb+m7+xlKqRb8iMLA62oEpZ5k=,zpSntKjB/kUK/2ArQD2xt5Lo2WU=
75,-7,fURb+m7+xlKqRb8iMLA62oEpZ5k=,zpSntKjB/kUK/2ArQD2xt5Lo2WU=
77,-7,fURb+m7+xlKqRb8iMLA62oEpZ5k=,zpSntKjB/kUK/2ArQD2xt5Lo2WU=
74,-7,fURb+m7+xlKqRb8iMLA62oEpZ5k=,zpSntKjB/kUK/2ArQD2xt5Lo2WU=
73,-7,fURb+m7+xlKqRb8iMLA62oEpZ5k=,zpSntKjB/kUK/2ArQD2xt5Lo2WU=
72,-7,fURb+m7+xlKqRb8iMLA62oEpZ5k=,zpSntKjB/kUK/2ArQD2xt5Lo2WU=
71,-7,fURb+m7+xlKqRb8iMLA62oEpZ5k=,zpSntKjB/kUK/2ArQD2xt5Lo2WU=
70,-7,fURb+m7+xlKqRb8iMLA62oEpZ5k=,zpSntKjB/kUK/2ArQD2xt5Lo2WU=
69,-7,fURb+m7+xlKqRb8iMLA62oEpZ5k=,zpSntKjB/kUK/2ArQD2xt5Lo2WU=
68,-7,fURb+m7+xlKqRb8iMLA62oEpZ5k=,zpSntKjB/kUK/2ArQD2xt5Lo2WU=
67,-7,fURb+m7+xlKqRb8iMLA62oEpZ5k=,zpSntKjB/kUK/2ArQD2xt5Lo2WU=
66,-7,fURb+m7+xlKqRb8iMLA62oEpZ5k=,zpSntKjB/kUK/2ArQD2xt5Lo2WU=
65,-7,fURb+m7+xlKqRb8iMLA62oEpZ5k=,zpSntKjB/kUK/2ArQD2xt5Lo2WU=
72,-16,fURb+m7+xlKqRb8iMLA62oEpZ5k=,zpSntKjB/kUK/2ArQD2xt5Lo2WU=
64,-7,fURb+m7+xlKqRb8iMLA62oEpZ5k=,zpSntKjB/kUK/2ArQD2xt5Lo2WU=
78,-8,fURb+m7+xlKqRb8iMLA62oEpZ5k=,zpSntKjB/kUK/2ArQD2xt5Lo2WU=
79,-8,fURb+m7+xlKqRb8iMLA62oEpZ5k=,zpSntKjB/kUK/2ArQD2xt5Lo2WU=
77,-8,fURb+m7+xlKqRb8iMLA62oEpZ5k=,zpSntKjB/kUK/2ArQD2xt5Lo2WU=
75,-8,fURb+m7+xlKqRb8iMLA62oEpZ5k=,zpSntKjB/kUK/2ArQD2xt5Lo2WU=
74,-8,fURb+m7+xlKqRb8iMLA62oEpZ5k=,zpSntKjB/kUK/2ArQD2xt5Lo2WU=
76,-8,fURb+m7+xlKqRb8iMLA62oEpZ5k=,zpSntKjB/kUK/2ArQD2xt5Lo2WU=
73,-8,fURb+m7+xlKqRb8iMLA62oEpZ5k=,zpSntKjB/kUK/2ArQD2xt5Lo2WU=
72,-8,fURb+m7+xlKqRb8iMLA62oEpZ5k=,zpSntKjB/kUK/2ArQD2xt5Lo2WU=
71,-8,fURb+m7+xlKqRb8iMLA62oEpZ5k=,zpSntKjB/kUK/2ArQD2xt5Lo2WU=
70,-8,fURb+m7+xlKqRb8iMLA62oEpZ5k=,zpSntKjB/kUK/2ArQD2xt5Lo2WU=
69,-8,fURb+m7+xlKqRb8iMLA62oEpZ5k=,zpSntKjB/kUK/2ArQD2xt5Lo2WU=
68,-8,fURb+m7+xlKqRb8iMLA62oEpZ5k=,zpSntKjB/kUK/2ArQD2xt5Lo2WU=
66,-8,fURb+m7+xlKqRb8iMLA62oEpZ5k=,zpSntKjB/kUK/2ArQD2xt5Lo2WU=
65,-8,fURb+m7+xlKqRb8iMLA62oEpZ5k=,zpSntKjB/kUK/2ArQD2xt5Lo2WU=
64,-8,fURb+m7+xlKqRb8iMLA62oEpZ5k=,zpSntKjB/kUK/2ArQD2xt5Lo2WU=
79,-9,fURb+m7+xlKqRb8iMLA62oEpZ5k=,zpSntKjB/kUK/2ArQD2xt5Lo2WU=
78,-9,fURb+m7+xlKqRb8iMLA62oEpZ5k=,zpSntKjB/kUK/2ArQD2xt5Lo2WU=
77,-9,fURb+m7+xlKqRb8iMLA62oEpZ5k=,zpSntKjB/kUK/2ArQD2xt5Lo2WU=
76,-9,fURb+m7+xlKqRb8iMLA62oEpZ5k=,zpSntKjB/kUK/2ArQD2xt5Lo2WU=
74,-9,fURb+m7+xlKqRb8iMLA62oEpZ5k=,zpSntKjB/kUK/2ArQD2xt5Lo2WU=
75,-9,fURb+m7+xlKqRb8iMLA62oEpZ5k=,zpSntKjB/kUK/2ArQD2xt5Lo2WU=
73,-9,fURb+m7+xlKqRb8iMLA62oEpZ5k=,zpSntKjB/kUK/2ArQD2xt5Lo2WU=
72,-9,fURb+m7+xlKqRb8iMLA62oEpZ5k=,zpSntKjB/kUK/2ArQD2xt5Lo2WU=
71,-9,fURb+m7+xlKqRb8iMLA62oEpZ5k=,zpSntKjB/kUK/2ArQD2xt5Lo2WU=
70,-9,fURb+m7+xlKqRb8iMLA62oEpZ5k=,zpSntKjB/kUK/2ArQD2xt5Lo2WU=
69,-9,fURb+m7+xlKqRb8iMLA62oEpZ5k=,zpSntKjB/kUK/2ArQD2xt5Lo2WU=
68,-9,fURb+m7+xlKqRb8iMLA62oEpZ5k=,zpSntKjB/kUK/2ArQD2xt5Lo2WU=
67,-9,fURb+m7+xlKqRb8iMLA62oEpZ5k=,zpSntKjB/kUK/2ArQD2xt5Lo2WU=
66,-9,fURb+m7+xlKqRb8iMLA62oEpZ5k=,zpSntKjB/kUK/2ArQD2xt5Lo2WU=
67,-8,fURb+m7+xlKqRb8iMLA62oEpZ5k=,zpSntKjB/kUK/2ArQD2xt5Lo2WU=
65,-9,fURb+m7+xlKqRb8iMLA62oEpZ5k=,zpSntKjB/kUK/2ArQD2xt5Lo2WU=
64,-9,fURb+m7+xlKqRb8iMLA62oEpZ5k=,zpSntKjB/kUK/2ArQD2xt5Lo2WU=
78,-10,fURb+m7+xlKqRb8iMLA62oEpZ5k=,zpSntKjB/kUK/2ArQD2xt5Lo2WU=
79,-10,fURb+m7+xlKqRb8iMLA62oEpZ5k=,zpSntKjB/kUK/2ArQD2xt5Lo2WU=
76,-10,fURb+m7+xlKqRb8iMLA62oEpZ5k=,zpSntKjB/kUK/2ArQD2xt5Lo2WU=
77,-10,fURb+m7+xlKqRb8iMLA62oEpZ5k=,zpSntKjB/kUK/2ArQD2xt5Lo2WU=
75,-10,fURb+m7+xlKqRb8iMLA62oEpZ5k=,zpSntKjB/kUK/2ArQD2xt5Lo2WU=
74,-10,fURb+m7+xlKqRb8iMLA62oEpZ5k=,zpSntKjB/kUK/2ArQD2xt5Lo2WU=
72,-10,fURb+m7+xlKqRb8iMLA62oEpZ5k=,zpSntKjB/kUK/2ArQD2xt5Lo2WU=
73,-10,fURb+m7+xlKqRb8iMLA62oEpZ5k=,zpSntKjB/kUK/2ArQD2xt5Lo2WU=
71,-10,fURb+m7+xlKqRb8iMLA62oEpZ5k=,zpSntKjB/kUK/2ArQD2xt5Lo2WU=
70,-10,fURb+m7+xlKqRb8iMLA62oEpZ5k=,zpSntKjB/kUK/2ArQD2xt5Lo2WU=
69,-10,fURb+m7+xlKqRb8iMLA62oEpZ5k=,zpSntKjB/kUK/2ArQD2xt5Lo2WU=
68,-10,fURb+m7+xlKqRb8iMLA62oEpZ5k=,zpSntKjB/kUK/2ArQD2xt5Lo2WU=
67,-10,fURb+m7+xlKqRb8iMLA62oEpZ5k=,zpSntKjB/kUK/2ArQD2xt5Lo2WU=
65,-10,fURb+m7+xlKqRb8iMLA62oEpZ5k=,zpSntKjB/kUK/2ArQD2xt5Lo2WU=
66,-10,fURb+m7+xlKqRb8iMLA62oEpZ5k=,zpSntKjB/kUK/2ArQD2xt5Lo2WU=
69,-16,fURb+m7+xlKqRb8iMLA62oEpZ5k=,zpSntKjB/kUK/2ArQD2xt5Lo2WU=
64,-10,fURb+m7+xlKqRb8iMLA62oEpZ5k=,zpSntKjB/kUK/2ArQD2xt5Lo2WU=
79,-11,fURb+m7+xlKqRb8iMLA62oEpZ5k=,zpSntKjB/kUK/2ArQD2xt5Lo2WU=
76,-11,fURb+m7+xlKqRb8iMLA62oEpZ5k=,zpSntKjB/kUK/2ArQD2xt5Lo2WU=
74,-11,fURb+m7+xlKqRb8iMLA62oEpZ5k=,zpSntKjB/kUK/2ArQD2xt5Lo2WU=
70,-16,fURb+m7+xlKqRb8iMLA62oEpZ5k=,zpSntKjB/kUK/2ArQD2xt5Lo2WU=
75,-11,fURb+m7+xlKqRb8iMLA62oEpZ5k=,zpSntKjB/kUK/2ArQD2xt5Lo2WU=
71,-16,fURb+m7+xlKqRb8iMLA62oEpZ5k=,zpSntKjB/kUK/2ArQD2xt5Lo2WU=
64,-16,fURb+m7+xlKqRb8iMLA62oEpZ5k=,zpSntKjB/kUK/2ArQD2xt5Lo2WU=
69,-11,fURb+m7+xlKqRb8iMLA62oEpZ5k=,zpSntKjB/kUK/2ArQD2xt5Lo2WU=
68,-11,fURb+m7+xlKqRb8iMLA62oEpZ5k=,zpSntKjB/kUK/2ArQD2xt5Lo2WU=
67,-11,fURb+m7+xlKqRb8iMLA62oEpZ5k=,zpSntKjB/kUK/2ArQD2xt5Lo2WU=
77,-11,fURb+m7+xlKqRb8iMLA62oEpZ5k=,zpSntKjB/kUK/2ArQD2xt5Lo2WU=
65,-11,fURb+m7+xlKqRb8iMLA62oEpZ5k=,zpSntKjB/kUK/2ArQD2xt5Lo2WU=
68,-16,fURb+m7+xlKqRb8iMLA62oEpZ5k=,zpSntKjB/kUK/2ArQD2xt5Lo2WU=
64,-11,fURb+m7+xlKqRb8iMLA62oEpZ5k=,zpSntKjB/kUK/2ArQD2xt5Lo2WU=
79,-12,fURb+m7+xlKqRb8iMLA62oEpZ5k=,zpSntKjB/kUK/2ArQD2xt5Lo2WU=
78,-12,fURb+m7+xlKqRb8iMLA62oEpZ5k=,zpSntKjB/kUK/2ArQD2xt5Lo2WU=
78,-11,fURb+m7+xlKqRb8iMLA62oEpZ5k=,zpSntKjB/kUK/2ArQD2xt5Lo2WU=
76,-12,fURb+m7+xlKqRb8iMLA62oEpZ5k=,zpSntKjB/kUK/2ArQD2xt5Lo2WU=
75,-16,fURb+m7+xlKqRb8iMLA62oEpZ5k=,zpSntKjB/kUK/2ArQD2xt5Lo2WU=
73,-12,fURb+m7+xlKqRb8iMLA62oEpZ5k=,zpSntKjB/kUK/2ArQD2xt5Lo2WU=
72,-12,fURb+m7+xlKqRb8iMLA62oEpZ5k=,zpSntKjB/kUK/2ArQD2xt5Lo2WU=
75,-12,fURb+m7+xlKqRb8iMLA62oEpZ5k=,zpSntKjB/kUK/2ArQD2xt5Lo2WU=
74,-16,fURb+m7+xlKqRb8iMLA62oEpZ5k=,zpSntKjB/kUK/2ArQD2xt5Lo2WU=
69,-12,fURb+m7+xlKqRb8iMLA62oEpZ5k=,zpSntKjB/kUK/2ArQD2xt5Lo2WU=
68,-12,fURb+m7+xlKqRb8iMLA62oEpZ5k=,zpSntKjB/kUK/2ArQD2xt5Lo2WU=
67,-12,fURb+m7+xlKqRb8iMLA62oEpZ5k=,zpSntKjB/kUK/2ArQD2xt5Lo2WU=
66,-11,fURb+m7+xlKqRb8iMLA62oEpZ5k=,zpSntKjB/kUK/2ArQD2xt5Lo2WU=
65,-12,fURb+m7+xlKqRb8iMLA62oEpZ5k=,zpSntKjB/kUK/2ArQD2xt5Lo2WU=
72,-11,fURb+m7+xlKqRb8iMLA62oEpZ5k=,zpSntKjB/kUK/2ArQD2xt5Lo2WU=
64,-12,fURb+m7+xlKqRb8iMLA62oEpZ5k=,zpSntKjB/kUK/2ArQD2xt5Lo2WU=
77,-12,fURb+m7+xlKqRb8iMLA62oEpZ5k=,zpSntKjB/kUK/2ArQD2xt5Lo2WU=
66,-12,fURb+m7+xlKqRb8iMLA62oEpZ5k=,zpSntKjB/kUK/2ArQD2xt5Lo2WU=
73,-11,fURb+m7+xlKqRb8iMLA62oEpZ5k=,zpSntKjB/kUK/2ArQD2xt5Lo2WU=
71,-11,fURb+m7+xlKqRb8iMLA62oEpZ5k=,zpSntKjB/kUK/2ArQD2xt5Lo2WU=
70,-11,fURb+m7+xlKqRb8iMLA62oEpZ5k=,zpSntKjB/kUK/2ArQD2xt5Lo2WU=
74,-13,fURb+m7+xlKqRb8iMLA62oEpZ5k=,zpSntKjB/kUK/2ArQD2xt5Lo2WU=
79,-13,fURb+m7+xlKqRb8iMLA62oEpZ5k=,zpSntKjB/kUK/2ArQD2xt5Lo2WU=
72,-13,fURb+m7+xlKqRb8iMLA62oEpZ5k=,zpSntKjB/kUK/2ArQD2xt5Lo2WU=
71,-13,fURb+m7+xlKqRb8iMLA62oEpZ5k=,zpSntKjB/kUK/2ArQD2xt5Lo2WU=
70,-13,fURb+m7+xlKqRb8iMLA62oEpZ5k=,zpSntKjB/kUK/2ArQD2xt5Lo2WU=
69,-13,fURb+m7+xlKqRb8iMLA62oEpZ5k=,zpSntKjB/kUK/2ArQD2xt5Lo2WU=
68,-13,fURb+m7+xlKqRb8iMLA62oEpZ5k=,zpSntKjB/kUK/2ArQD2xt5Lo2WU=
77,-13,fURb+m7+xlKqRb8iMLA62oEpZ5k=,zpSntKjB/kUK/2ArQD2xt5Lo2WU=
67,-16,fURb+m7+xlKqRb8iMLA62oEpZ5k=,zpSntKjB/kUK/2ArQD2xt5Lo2WU=
76,-13,fURb+m7+xlKqRb8iMLA62oEpZ5k=,zpSntKjB/kUK/2ArQD2xt5Lo2WU=
65,-13,fURb+m7+xlKqRb8iMLA62oEpZ5k=,zpSntKjB/kUK/2ArQD2xt5Lo2WU=
64,-13,fURb+m7+xlKqRb8iMLA62oEpZ5k=,zpSntKjB/kUK/2ArQD2xt5Lo2WU=
74,-12,fURb+m7+xlKqRb8iMLA62oEpZ5k=,zpSntKjB/kUK/2ArQD2xt5Lo2WU=
78,-14,fURb+m7+xlKqRb8iMLA62oEpZ5k=,zpSntKjB/kUK/2ArQD2xt5Lo2WU=
77,-14,fURb+m7+xlKqRb8iMLA62oEpZ5k=,zpSntKjB/kUK/2ArQD2xt5Lo2WU=
76,-14,fURb+m7+xlKqRb8iMLA62oEpZ5k=,zpSntKjB/kUK/2ArQD2xt5Lo2WU=
75,-14,fURb+m7+xlKqRb8iMLA62oEpZ5k=,zpSntKjB/kUK/2ArQD2xt5Lo2WU=
74,-14,fURb+m7+xlKqRb8iMLA62oEpZ5k=,zpSntKjB/kUK/2ArQD2xt5Lo2WU=
71,-12,fURb+m7+xlKqRb8iMLA62oEpZ5k=,zpSntKjB/kUK/2ArQD2xt5Lo2WU=
73,-13,fURb+m7+xlKqRb8iMLA62oEpZ5k=,zpSntKjB/kUK/2ArQD2xt5Lo2WU=
70,-12,fURb+m7+xlKqRb8iMLA62oEpZ5k=,zpSntKjB/kUK/2ArQD2xt5Lo2WU=
67,-13,fURb+m7+xlKqRb8iMLA62oEpZ5k=,zpSntKjB/kUK/2ArQD2xt5Lo2WU=
69,-14,fURb+m7+xlKqRb8iMLA62oEpZ5k=,zpSntKjB/kUK/2ArQD2xt5Lo2WU=
73,-14,fURb+m7+xlKqRb8iMLA62oEpZ5k=,zpSntKjB/kUK/2ArQD2xt5Lo2WU=
76,-16,fURb+m7+xlKqRb8iMLA62oEpZ5k=,zpSntKjB/kUK/2ArQD2xt5Lo2WU=
66,-14,fURb+m7+xlKqRb8iMLA62oEpZ5k=,zpSntKjB/kUK/2ArQD2xt5Lo2WU=
66,-16,fURb+m7+xlKqRb8iMLA62oEpZ5k=,zpSntKjB/kUK/2ArQD2xt5Lo2WU=
66,-13,fURb+m7+xlKqRb8iMLA62oEpZ5k=,zpSntKjB/kUK/2ArQD2xt5Lo2WU=
65,-16,fURb+m7+xlKqRb8iMLA62oEpZ5k=,zpSntKjB/kUK/2ArQD2xt5Lo2WU=
64,-14,fURb+m7+xlKqRb8iMLA62oEpZ5k=,zpSntKjB/kUK/2ArQD2xt5Lo2WU=
79,-15,fURb+m7+xlKqRb8iMLA62oEpZ5k=,zpSntKjB/kUK/2ArQD2xt5Lo2WU=
75,-13,fURb+m7+xlKqRb8iMLA62oEpZ5k=,zpSntKjB/kUK/2ArQD2xt5Lo2WU=
76,-15,fURb+m7+xlKqRb8iMLA62oEpZ5k=,zpSntKjB/kUK/2ArQD2xt5Lo2WU=
72,-14,fURb+m7+xlKqRb8iMLA62oEpZ5k=,zpSntKjB/kUK/2ArQD2xt5Lo2WU=
73,-15,fURb+m7+xlKqRb8iMLA62oEpZ5k=,zpSntKjB/kUK/2ArQD2xt5Lo2WU=
79,-14,fURb+m7+xlKqRb8iMLA62oEpZ5k=,zpSntKjB/kUK/2ArQD2xt5Lo2WU=
67,-14,fURb+m7+xlKqRb8iMLA62oEpZ5k=,zpSntKjB/kUK/2ArQD2xt5Lo2WU=
70,-15,fURb+m7+xlKqRb8iMLA62oEpZ5k=,zpSntKjB/kUK/2ArQD2xt5Lo2WU=
69,-15,fURb+m7+xlKqRb8iMLA62oEpZ5k=,zpSntKjB/kUK/2ArQD2xt5Lo2WU=
68,-15,fURb+m7+xlKqRb8iMLA62oEpZ5k=,zpSntKjB/kUK/2ArQD2xt5Lo2WU=
67,-15,fURb+m7+xlKqRb8iMLA62oEpZ5k=,zpSntKjB/kUK/2ArQD2xt5Lo2WU=
66,-15,fURb+m7+xlKqRb8iMLA62oEpZ5k=,zpSntKjB/kUK/2ArQD2xt5Lo2WU=
65,-15,fURb+m7+xlKqRb8iMLA62oEpZ5k=,zpSntKjB/kUK/2ArQD2xt5Lo2WU=
71,-14,fURb+m7+xlKqRb8iMLA62oEpZ5k=,zpSntKjB/kUK/2ArQD2xt5Lo2WU=
78,-13,fURb+m7+xlKqRb8iMLA62oEpZ5k=,zpSntKjB/kUK/2ArQD2xt5Lo2WU=
78,-15,fURb+m7+xlKqRb8iMLA62oEpZ5k=,zpSntKjB/kUK/2ArQD2xt5Lo2WU=
70,-14,fURb+m7+xlKqRb8iMLA62oEpZ5k=,zpSntKjB/kUK/2ArQD2xt5Lo2WU=
65,-14,fURb+m7+xlKqRb8iMLA62oEpZ5k=,zpSntKjB/kUK/2ArQD2xt5Lo2WU=
77,-15,fURb+m7+xlKqRb8iMLA62oEpZ5k=,zpSntKjB/kUK/2ArQD2xt5Lo2WU=
71,-15,fURb+m7+xlKqRb8iMLA62oEpZ5k=,zpSntKjB/kUK/2ArQD2xt5Lo2WU=
74,-15,fURb+m7+xlKqRb8iMLA62oEpZ5k=,zpSntKjB/kUK/2ArQD2xt5Lo2WU=
72,-15,fURb+m7+xlKqRb8iMLA62oEpZ5k=,zpSntKjB/kUK/2ArQD2xt5Lo2WU=
68,-14,fURb+m7+xlKqRb8iMLA62oEpZ5k=,zpSntKjB/kUK/2ArQD2xt5Lo2WU=
75,-15,fURb+m7+xlKqRb8iMLA62oEpZ5k=,zpSntKjB/kUK/2ArQD2xt5Lo2WU=
95,-1,fURb+m7+xlKqRb8iMLA62oEpZ5k=,zpSntKjB/kUK/2ArQD2xt5Lo2WU=
94,-1,fURb+m7+xlKqRb8iMLA62oEpZ5k=,zpSntKjB/kUK/2ArQD2xt5Lo2WU=
95,-16,fURb+m7+xlKqRb8iMLA62oEpZ5k=,zpSntKjB/kUK/2ArQD2xt5Lo2WU=
93,-16,fURb+m7+xlKqRb8iMLA62oEpZ5k=,zpSntKjB/kUK/2ArQD2xt5Lo2WU=
92,-16,fURb+m7+xlKqRb8iMLA62oEpZ5k=,zpSntKjB/kUK/2ArQD2xt5Lo2WU=
91,-16,fURb+m7+xlKqRb8iMLA62oEpZ5k=,zpSntKjB/kUK/2ArQD2xt5Lo2WU=
90,-16,fURb+m7+xlKqRb8iMLA62oEpZ5k=,zpSntKjB/kUK/2ArQD2xt5Lo2WU=
86,-16,fURb+m7+xlKqRb8iMLA62oEpZ5k=,zpSntKjB/kUK/2ArQD2xt5Lo2WU=
84,-16,fURb+m7+xlKqRb8iMLA62oEpZ5k=,zpSntKjB/kUK/2ArQD2xt5Lo2WU=
93,-1,fURb+m7+xlKqRb8iMLA62oEpZ5k=,zpSntKjB/kUK/2ArQD2xt5Lo2WU=
92,-1,fURb+m7+xlKqRb8iMLA62oEpZ5k=,zpSntKjB/kUK/2ArQD2xt5Lo2WU=
91,-1,fURb+m7+xlKqRb8iMLA62oEpZ5k=,zpSntKjB/kUK/2ArQD2xt5Lo2WU=
90,-1,fURb+m7+xlKqRb8iMLA62oEpZ5k=,zpSntKjB/kUK/2ArQD2xt5Lo2WU=
89,-1,fURb+m7+xlKqRb8iMLA62oEpZ5k=,zpSntKjB/kUK/2ArQD2xt5Lo2WU=
88,-1,fURb+m7+xlKqRb8iMLA62oEpZ5k=,zpSntKjB/kUK/2ArQD2xt5Lo2WU=
87,-1,fURb+m7+xlKqRb8iMLA62oEpZ5k=,zpSntKjB/kUK/2ArQD2xt5Lo2WU=
86,-1,fURb+m7+xlKqRb8iMLA62oEpZ5k=,zpSntKjB/kUK/2ArQD2xt5Lo2WU=
85,-1,fURb+m7+xlKqRb8iMLA62oEpZ5k=,zpSntKjB/kUK/2ArQD2xt5Lo2WU=
84,-1,fURb+m7+xlKqRb8iMLA62oEpZ5k=,zpSntKjB/kUK/2ArQD2xt5Lo2WU=
83,-1,fURb+m7+xlKqRb8iMLA62oEpZ5k=,zpSntKjB/kUK/2ArQD2xt5Lo2WU=
82,-1,fURb+m7+xlKqRb8iMLA62oEpZ5k=,zpSntKjB/kUK/2ArQD2xt5Lo2WU=
81,-1,fURb+m7+xlKqRb8iMLA62oEpZ5k=,zpSntKjB/kUK/2ArQD2xt5Lo2WU=
80,-1,fURb+m7+xlKqRb8iMLA62oEpZ5k=,zpSntKjB/kUK/2ArQD2xt5Lo2WU=
95,-2,fURb+m7+xlKqRb8iMLA62oEpZ5k=,zpSntKjB/kUK/2ArQD2xt5Lo2WU=
94,-2,fURb+m7+xlKqRb8iMLA62oEpZ5k=,zpSntKjB/kUK/2ArQD2xt5Lo2WU=
93,-2,fURb+m7+xlKqRb8iMLA62oEpZ5k=,zpSntKjB/kUK/2ArQD2xt5Lo2WU=
91,-2,fURb+m7+xlKqRb8iMLA62oEpZ5k=,zpSntKjB/kUK/2ArQD2xt5Lo2WU=
92,-2,fURb+m7+xlKqRb8iMLA62oEpZ5k=,zpSntKjB/kUK/2ArQD2xt5Lo2WU=
90,-2,fURb+m7+xlKqRb8iMLA62oEpZ5k=,zpSntKjB/kUK/2ArQD2xt5Lo2WU=
89,-2,fURb+m7+xlKqRb8iMLA62oEpZ5k=,zpSntKjB/kUK/2ArQD2xt5Lo2WU=
88,-2,fURb+m7+xlKqRb8iMLA62oEpZ5k=,zpSntKjB/kUK/2ArQD2xt5Lo2WU=
87,-2,fURb+m7+xlKqRb8iMLA62oEpZ5k=,zpSntKjB/kUK/2ArQD2xt5Lo2WU=
86,-2,fURb+m7+xlKqRb8iMLA62oEpZ5k=,zpSntKjB/kUK/2ArQD2xt5Lo2WU=
84,-2,fURb+m7+xlKqRb8iMLA62oEpZ5k=,zpSntKjB/kUK/2ArQD2xt5Lo2WU=
85,-2,fURb+m7+xlKqRb8iMLA62oEpZ5k=,zpSntKjB/kUK/2ArQD2xt5Lo2WU=
83,-2,fURb+m7+xlKqRb8iMLA62oEpZ5k=,zpSntKjB/kUK/2ArQD2xt5Lo2WU=
82,-2,fURb+m7+xlKqRb8iMLA62oEpZ5k=,zpSntKjB/kUK/2ArQD2xt5Lo2WU=
81,-2,fURb+m7+xlKqRb8iMLA62oEpZ5k=,zpSntKjB/kUK/2ArQD2xt5Lo2WU=
80,-2,fURb+m7+xlKqRb8iMLA62oEpZ5k=,zpSntKjB/kUK/2ArQD2xt5Lo2WU=
95,-3,fURb+m7+xlKqRb8iMLA62oEpZ5k=,zpSntKjB/kUK/2ArQD2xt5Lo2WU=
94,-3,fURb+m7+xlKqRb8iMLA62oEpZ5k=,zpSntKjB/kUK/2ArQD2xt5Lo2WU=
93,-3,fURb+m7+xlKqRb8iMLA62oEpZ5k=,zpSntKjB/kUK/2ArQD2xt5Lo2WU=
92,-3,fURb+m7+xlKqRb8iMLA62oEpZ5k=,zpSntKjB/kUK/2ArQD2xt5Lo2WU=
91,-3,fURb+m7+xlKqRb8iMLA62oEpZ5k=,zpSntKjB/kUK/2ArQD2xt5Lo2WU=
90,-3,fURb+m7+xlKqRb8iMLA62oEpZ5k=,zpSntKjB/kUK/2ArQD2xt5Lo2WU=
89,-3,fURb+m7+xlKqRb8iMLA62oEpZ5k=,zpSntKjB/kUK/2ArQD2xt5Lo2WU=
88,-3,fURb+m7+xlKqRb8iMLA62oEpZ5k=,zpSntKjB/kUK/2ArQD2xt5Lo2WU=
87,-3,fURb+m7+xlKqRb8iMLA62oEpZ5k=,zpSntKjB/kUK/2ArQD2xt5Lo2WU=
86,-3,fURb+m7+xlKqRb8iMLA62oEpZ5k=,zpSntKjB/kUK/2ArQD2xt5Lo2WU=
85,-3,fURb+m7+xlKqRb8iMLA62oEpZ5k=,zpSntKjB/kUK/2ArQD2xt5Lo2WU=
84,-3,fURb+m7+xlKqRb8iMLA62oEpZ5k=,zpSntKjB/kUK/2ArQD2xt5Lo2WU=
83,-3,fURb+m7+xlKqRb8iMLA62oEpZ5k=,zpSntKjB/kUK/2ArQD2xt5Lo2WU=
82,-3,fURb+m7+xlKqRb8iMLA62oEpZ5k=,zpSntKjB/kUK/2ArQD2xt5Lo2WU=
81,-3,fURb+m7+xlKqRb8iMLA62oEpZ5k=,zpSntKjB/kUK/2ArQD2xt5Lo2WU=
80,-3,fURb+m7+xlKqRb8iMLA62oEpZ5k=,zpSntKjB/kUK/2ArQD2xt5Lo2WU=
95,-4,fURb+m7+xlKqRb8iMLA62oEpZ5k=,zpSntKjB/kUK/2ArQD2xt5Lo2WU=
94,-4,fURb+m7+xlKqRb8iMLA62oEpZ5k=,zpSntKjB/kUK/2ArQD2xt5Lo2WU=
93,-4,fURb+m7+xlKqRb8iMLA62oEpZ5k=,zpSntKjB/kUK/2ArQD2xt5Lo2WU=
92,-4,fURb+m7+xlKqRb8iMLA62oEpZ5k=,zpSntKjB/kUK/2ArQD2xt5Lo2WU=
91,-4,fURb+m7+xlKqRb8iMLA62oEpZ5k=,zpSntKjB/kUK/2ArQD2xt5Lo2WU=
90,-4,fURb+m7+xlKqRb8iMLA62oEpZ5k=,zpSntKjB/kUK/2ArQD2xt5Lo2WU=
89,-4,fURb+m7+xlKqRb8iMLA62oEpZ5k=,zpSntKjB/kUK/2ArQD2xt5Lo2WU=
88,-4,fURb+m7+xlKqRb8iMLA62oEpZ5k=,zpSntKjB/kUK/2ArQD2xt5Lo2WU=
87,-4,fURb+m7+xlKqRb8iMLA62oEpZ5k=,zpSntKjB/kUK/2ArQD2xt5Lo2WU=
86,-4,fURb+m7+xlKqRb8iMLA62oEpZ5k=,zpSntKjB/kUK/2ArQD2xt5Lo2WU=
85,-4,fURb+m7+xlKqRb8iMLA62oEpZ5k=,zpSntKjB/kUK/2ArQD2xt5Lo2WU=
84,-4,fURb+m7+xlKqRb8iMLA62oEpZ5k=,zpSntKjB/kUK/2ArQD2xt5Lo2WU=
83,-4,fURb+m7+xlKqRb8iMLA62oEpZ5k=,zpSntKjB/kUK/2ArQD2xt5Lo2WU=
82,-4,fURb+m7+xlKqRb8iMLA62oEpZ5k=,zpSntKjB/kUK/2ArQD2xt5Lo2WU=
81,-4,fURb+m7+xlKqRb8iMLA62oEpZ5k=,zpSntKjB/kUK/2ArQD2xt5Lo2WU=
80,-4,fURb+m7+xlKqRb8iMLA62oEpZ5k=,zpSntKjB/kUK/2ArQD2xt5Lo2WU=
95,-5,fURb+m7+xlKqRb8iMLA62oEpZ5k=,zpSntKjB/kUK/2ArQD2xt5Lo2WU=
94,-5,fURb+m7+xlKqRb8iMLA62oEpZ5k=,zpSntKjB/kUK/2ArQD2xt5Lo2WU=
93,-5,fURb+m7+xlKqRb8iMLA62oEpZ5k=,zpSntKjB/kUK/2ArQD2xt5Lo2WU=
92,-5,fURb+m7+xlKqRb8iMLA62oEpZ5k=,zpSntKjB/kUK/2ArQD2xt5Lo2WU=
91,-5,fURb+m7+xlKqRb8iMLA62oEpZ5k=,zpSntKjB/kUK/2ArQD2xt5Lo2WU=
90,-5,fURb+m7+xlKqRb8iMLA62oEpZ5k=,zpSntKjB/kUK/2ArQD2xt5Lo2WU=
89,-5,fURb+m7+xlKqRb8iMLA62oEpZ5k=,zpSntKjB/kUK/2ArQD2xt5Lo2WU=
88,-5,fURb+m7+xlKqRb8iMLA62oEpZ5k=,zpSntKjB/kUK/2ArQD2xt5Lo2WU=
87,-5,fURb+m7+xlKqRb8iMLA62oEpZ5k=,zpSntKjB/kUK/2ArQD2xt5Lo2WU=
86,-5,fURb+m7+xlKqRb8iMLA62oEpZ5k=,zpSntKjB/kUK/2ArQD2xt5Lo2WU=
85,-5,fURb+m7+xlKqRb8iMLA62oEpZ5k=,zpSntKjB/kUK/2ArQD2xt5Lo2WU=
84,-5,fURb+m7+xlKqRb8iMLA62oEpZ5k=,zpSntKjB/kUK/2ArQD2xt5Lo2WU=
83,-5,fURb+m7+xlKqRb8iMLA62oEpZ5k=,zpSntKjB/kUK/2ArQD2xt5Lo2WU=
82,-5,fURb+m7+xlKqRb8iMLA62oEpZ5k=,zpSntKjB/kUK/2ArQD2xt5Lo2WU=
81,-5,fURb+m7+xlKqRb8iMLA62oEpZ5k=,zpSntKjB/kUK/2ArQD2xt5Lo2WU=
80,-5,fURb+m7+xlKqRb8iMLA62oEpZ5k=,zpSntKjB/kUK/2ArQD2xt5Lo2WU=
95,-6,fURb+m7+xlKqRb8iMLA62oEpZ5k=,zpSntKjB/kUK/2ArQD2xt5Lo2WU=
94,-6,fURb+m7+xlKqRb8iMLA62oEpZ5k=,zpSntKjB/kUK/2ArQD2xt5Lo2WU=
93,-6,fURb+m7+xlKqRb8iMLA62oEpZ5k=,zpSntKjB/kUK/2ArQD2xt5Lo2WU=
92,-6,fURb+m7+xlKqRb8iMLA62oEpZ5k=,zpSntKjB/kUK/2ArQD2xt5Lo2WU=
91,-6,fURb+m7+xlKqRb8iMLA62oEpZ5k=,zpSntKjB/kUK/2ArQD2xt5Lo2WU=
90,-6,fURb+m7+xlKqRb8iMLA62oEpZ5k=,zpSntKjB/kUK/2ArQD2xt5Lo2WU=
89,-6,fURb+m7+xlKqRb8iMLA62oEpZ5k=,zpSntKjB/kUK/2ArQD2xt5Lo2WU=
88,-6,fURb+m7+xlKqRb8iMLA62oEpZ5k=,zpSntKjB/kUK/2ArQD2xt5Lo2WU=
87,-6,fURb+m7+xlKqRb8iMLA62oEpZ5k=,zpSntKjB/kUK/2ArQD2xt5Lo2WU=
86,-6,fURb+m7+xlKqRb8iMLA62oEpZ5k=,zpSntKjB/kUK/2ArQD2xt5Lo2WU=
84,-6,fURb+m7+xlKqRb8iMLA62oEpZ5k=,zpSntKjB/kUK/2ArQD2xt5Lo2WU=
85,-6,fURb+m7+xlKqRb8iMLA62oEpZ5k=,zpSntKjB/kUK/2ArQD2xt5Lo2WU=
83,-6,fURb+m7+xlKqRb8iMLA62oEpZ5k=,zpSntKjB/kUK/2ArQD2xt5Lo2WU=
82,-6,fURb+m7+xlKqRb8iMLA62oEpZ5k=,zpSntKjB/kUK/2ArQD2xt5Lo2WU=
81,-6,fURb+m7+xlKqRb8iMLA62oEpZ5k=,zpSntKjB/kUK/2ArQD2xt5Lo2WU=
80,-6,fURb+m7+xlKqRb8iMLA62oEpZ5k=,zpSntKjB/kUK/2ArQD2xt5Lo2WU=
95,-7,fURb+m7+xlKqRb8iMLA62oEpZ5k=,zpSntKjB/kUK/2ArQD2xt5Lo2WU=
94,-7,fURb+m7+xlKqRb8iMLA62oEpZ5k=,zpSntKjB/kUK/2ArQD2xt5Lo2WU=
93,-7,fURb+m7+xlKqRb8iMLA62oEpZ5k=,zpSntKjB/kUK/2ArQD2xt5Lo2WU=
92,-7,fURb+m7+xlKqRb8iMLA62oEpZ5k=,zpSntKjB/kUK/2ArQD2xt5Lo2WU=
90,-7,fURb+m7+xlKqRb8iMLA62oEpZ5k=,zpSntKjB/kUK/2ArQD2xt5Lo2WU=
89,-7,fURb+m7+xlKqRb8iMLA62oEpZ5k=,zpSntKjB/kUK/2ArQD2xt5Lo2WU=
91,-7,fURb+m7+xlKqRb8iMLA62oEpZ5k=,zpSntKjB/kUK/2ArQD2xt5Lo2WU=
88,-7,fURb+m7+xlKqRb8iMLA62oEpZ5k=,zpSntKjB/kUK/2ArQD2xt5Lo2WU=
87,-7,fURb+m7+xlKqRb8iMLA62oEpZ5k=,zpSntKjB/kUK/2ArQD2xt5Lo2WU=
86,-7,fURb+m7+xlKqRb8iMLA62oEpZ5k=,zpSntKjB/kUK/2ArQD2xt5Lo2WU=
85,-7,fURb+m7+xlKqRb8iMLA62oEpZ5k=,zpSntKjB/kUK/2ArQD2xt5Lo2WU=
84,-7,fURb+m7+xlKqRb8iMLA62oEpZ5k=,zpSntKjB/kUK/2ArQD2xt5Lo2WU=
83,-7,fURb+m7+xlKqRb8iMLA62oEpZ5k=,zpSntKjB/kUK/2ArQD2xt5Lo2WU=
82,-7,fURb+m7+xlKqRb8iMLA62oEpZ5k=,zpSntKjB/kUK/2ArQD2xt5Lo2WU=
80,-7,fURb+m7+xlKqRb8iMLA62oEpZ5k=,zpSntKjB/kUK/2ArQD2xt5Lo2WU=
95,-8,fURb+m7+xlKqRb8iMLA62oEpZ5k=,zpSntKjB/kUK/2ArQD2xt5Lo2WU=
94,-8,fURb+m7+xlKqRb8iMLA62oEpZ5k=,zpSntKjB/kUK/2ArQD2xt5Lo2WU=
81,-7,fURb+m7+xlKqRb8iMLA62oEpZ5k=,zpSntKjB/kUK/2ArQD2xt5Lo2WU=
93,-8,fURb+m7+xlKqRb8iMLA62oEpZ5k=,zpSntKjB/kUK/2ArQD2xt5Lo2WU=
92,-8,fURb+m7+xlKqRb8iMLA62oEpZ5k=,zpSntKjB/kUK/2ArQD2xt5Lo2WU=
91,-8,fURb+m7+xlKqRb8iMLA62oEpZ5k=,zpSntKjB/kUK/2ArQD2xt5Lo2WU=
90,-8,fURb+m7+xlKqRb8iMLA62oEpZ5k=,zpSntKjB/kUK/2ArQD2xt5Lo2WU=
89,-8,fURb+m7+xlKqRb8iMLA62oEpZ5k=,zpSntKjB/kUK/2ArQD2xt5Lo2WU=
88,-8,fURb+m7+xlKqRb8iMLA62oEpZ5k=,zpSntKjB/kUK/2ArQD2xt5Lo2WU=
87,-8,fURb+m7+xlKqRb8iMLA62oEpZ5k=,zpSntKjB/kUK/2ArQD2xt5Lo2WU=
86,-8,fURb+m7+xlKqRb8iMLA62oEpZ5k=,zpSntKjB/kUK/2ArQD2xt5Lo2WU=
85,-8,fURb+m7+xlKqRb8iMLA62oEpZ5k=,zpSntKjB/kUK/2ArQD2xt5Lo2WU=
84,-8,fURb+m7+xlKqRb8iMLA62oEpZ5k=,zpSntKjB/kUK/2ArQD2xt5Lo2WU=
83,-8,fURb+m7+xlKqRb8iMLA62oEpZ5k=,zpSntKjB/kUK/2ArQD2xt5Lo2WU=
82,-8,fURb+m7+xlKqRb8iMLA62oEpZ5k=,zpSntKjB/kUK/2ArQD2xt5Lo2WU=
81,-8,fURb+m7+xlKqRb8iMLA62oEpZ5k=,zpSntKjB/kUK/2ArQD2xt5Lo2WU=
80,-8,fURb+m7+xlKqRb8iMLA62oEpZ5k=,zpSntKjB/kUK/2ArQD2xt5Lo2WU=
95,-9,fURb+m7+xlKqRb8iMLA62oEpZ5k=,zpSntKjB/kUK/2ArQD2xt5Lo2WU=
94,-9,fURb+m7+xlKqRb8iMLA62oEpZ5k=,zpSntKjB/kUK/2ArQD2xt5Lo2WU=
93,-9,fURb+m7+xlKqRb8iMLA62oEpZ5k=,zpSntKjB/kUK/2ArQD2xt5Lo2WU=
92,-9,fURb+m7+xlKqRb8iMLA62oEpZ5k=,zpSntKjB/kUK/2ArQD2xt5Lo2WU=
91,-9,fURb+m7+xlKqRb8iMLA62oEpZ5k=,zpSntKjB/kUK/2ArQD2xt5Lo2WU=
88,-9,fURb+m7+xlKqRb8iMLA62oEpZ5k=,zpSntKjB/kUK/2ArQD2xt5Lo2WU=
89,-9,fURb+m7+xlKqRb8iMLA62oEpZ5k=,zpSntKjB/kUK/2ArQD2xt5Lo2WU=
83,-16,fURb+m7+xlKqRb8iMLA62oEpZ5k=,zpSntKjB/kUK/2ArQD2xt5Lo2WU=
90,-9,fURb+m7+xlKqRb8iMLA62oEpZ5k=,zpSntKjB/kUK/2ArQD2xt5Lo2WU=
87,-9,fURb+m7+xlKqRb8iMLA62oEpZ5k=,zpSntKjB/kUK/2ArQD2xt5Lo2WU=
85,-9,fURb+m7+xlKqRb8iMLA62oEpZ5k=,zpSntKjB/kUK/2ArQD2xt5Lo2WU=
84,-9,fURb+m7+xlKqRb8iMLA62oEpZ5k=,zpSntKjB/kUK/2ArQD2xt5Lo2WU=
86,-9,fURb+m7+xlKqRb8iMLA62oEpZ5k=,zpSntKjB/kUK/2ArQD2xt5Lo2WU=
83,-9,fURb+m7+xlKqRb8iMLA62oEpZ5k=,zpSntKjB/kUK/2ArQD2xt5Lo2WU=
82,-9,fURb+m7+xlKqRb8iMLA62oEpZ5k=,zpSntKjB/kUK/2ArQD2xt5Lo2WU=
81,-9,fURb+m7+xlKqRb8iMLA62oEpZ5k=,zpSntKjB/kUK/2ArQD2xt5Lo2WU=
80,-9,fURb+m7+xlKqRb8iMLA62oEpZ5k=,zpSntKjB/kUK/2ArQD2xt5Lo2WU=
94,-10,fURb+m7+xlKqRb8iMLA62oEpZ5k=,zpSntKjB/kUK/2ArQD2xt5Lo2WU=
95,-10,fURb+m7+xlKqRb8iMLA62oEpZ5k=,zpSntKjB/kUK/2ArQD2xt5Lo2WU=
93,-10,fURb+m7+xlKqRb8iMLA62oEpZ5k=,zpSntKjB/kUK/2ArQD2xt5Lo2WU=
92,-10,fURb+m7+xlKqRb8iMLA62oEpZ5k=,zpSntKjB/kUK/2ArQD2xt5Lo2WU=
91,-10,fURb+m7+xlKqRb8iMLA62oEpZ5k=,zpSntKjB/kUK/2ArQD2xt5Lo2WU=
90,-10,fURb+m7+xlKqRb8iMLA62oEpZ5k=,zpSntKjB/kUK/2ArQD2xt5Lo2WU=
89,-10,fURb+m7+xlKqRb8iMLA62oEpZ5k=,zpSntKjB/kUK/2ArQD2xt5Lo2WU=
88,-10,fURb+m7+xlKqRb8iMLA62oEpZ5k=,zpSntKjB/kUK/2ArQD2xt5Lo2WU=
87,-10,fURb+m7+xlKqRb8iMLA62oEpZ5k=,zpSntKjB/kUK/2ArQD2xt5Lo2WU=
86,-10,fURb+m7+xlKqRb8iMLA62oEpZ5k=,zpSntKjB/kUK/2ArQD2xt5Lo2WU=
85,-10,fURb+m7+xlKqRb8iMLA62oEpZ5k=,zpSntKjB/kUK/2ArQD2xt5Lo2WU=
84,-10,fURb+m7+xlKqRb8iMLA62oEpZ5k=,zpSntKjB/kUK/2ArQD2xt5Lo2WU=
83,-10,fURb+m7+xlKqRb8iMLA62oEpZ5k=,zpSntKjB/kUK/2ArQD2xt5Lo2WU=
81,-10,fURb+m7+xlKqRb8iMLA62oEpZ5k=,zpSntKjB/kUK/2ArQD2xt5Lo2WU=
80,-10,fURb+m7+xlKqRb8iMLA62oEpZ5k=,zpSntKjB/kUK/2ArQD2xt5Lo2WU=
95,-11,fURb+m7+xlKqRb8iMLA62oEpZ5k=,zpSntKjB/kUK/2ArQD2xt5Lo2WU=
94,-11,fURb+m7+xlKqRb8iMLA62oEpZ5k=,zpSntKjB/kUK/2ArQD2xt5Lo2WU=
93,-11,fURb+m7+xlKqRb8iMLA62oEpZ5k=,zpSntKjB/kUK/2ArQD2xt5Lo2WU=
92,-11,fURb+m7+xlKqRb8iMLA62oEpZ5k=,zpSntKjB/kUK/2ArQD2xt5Lo2WU=
91,-11,fURb+m7+xlKqRb8iMLA62oEpZ5k=,zpSntKjB/kUK/2ArQD2xt5Lo2WU=
90,-11,fURb+m7+xlKqRb8iMLA62oEpZ5k=,zpSntKjB/kUK/2ArQD2xt5Lo2WU=
89,-11,fURb+m7+xlKqRb8iMLA62oEpZ5k=,zpSntKjB/kUK/2ArQD2xt5Lo2WU=
88,-11,fURb+m7+xlKqRb8iMLA62oEpZ5k=,zpSntKjB/kUK/2ArQD2xt5Lo2WU=
87,-11,fURb+m7+xlKqRb8iMLA62oEpZ5k=,zpSntKjB/kUK/2ArQD2xt5Lo2WU=
85,-11,fURb+m7+xlKqRb8iMLA62oEpZ5k=,zpSntKjB/kUK/2ArQD2xt5Lo2WU=
86,-11,fURb+m7+xlKqRb8iMLA62oEpZ5k=,zpSntKjB/kUK/2ArQD2xt5Lo2WU=
84,-11,fURb+m7+xlKqRb8iMLA62oEpZ5k=,zpSntKjB/kUK/2ArQD2xt5Lo2WU=
80,-15,fURb+m7+xlKqRb8iMLA62oEpZ5k=,zpSntKjB/kUK/2ArQD2xt5Lo2WU=
81,-16,fURb+m7+xlKqRb8iMLA62oEpZ5k=,zpSntKjB/kUK/2ArQD2xt5Lo2WU=
82,-16,fURb+m7+xlKqRb8iMLA62oEpZ5k=,zpSntKjB/kUK/2ArQD2xt5Lo2WU=
81,-11,fURb+m7+xlKqRb8iMLA62oEpZ5k=,zpSntKjB/kUK/2ArQD2xt5Lo2WU=
85,-16,fURb+m7+xlKqRb8iMLA62oEpZ5k=,zpSntKjB/kUK/2ArQD2xt5Lo2WU=
80,-16,fURb+m7+xlKqRb8iMLA62oEpZ5k=,zpSntKjB/kUK/2ArQD2xt5Lo2WU=
95,-12,fURb+m7+xlKqRb8iMLA62oEpZ5k=,zpSntKjB/kUK/2ArQD2xt5Lo2WU=
93,-12,fURb+m7+xlKqRb8iMLA62oEpZ5k=,zpSntKjB/kUK/2ArQD2xt5Lo2WU=
94,-12,fURb+m7+xlKqRb8iMLA62oEpZ5k=,zpSntKjB/kUK/2ArQD2xt5Lo2WU=
92,-12,fURb+m7+xlKqRb8iMLA62oEpZ5k=,zpSntKjB/kUK/2ArQD2xt5Lo2WU=
90,-12,fURb+m7+xlKqRb8iMLA62oEpZ5k=,zpSntKjB/kUK/2ArQD2xt5Lo2WU=
91,-12,fURb+m7+xlKqRb8iMLA62oEpZ5k=,zpSntKjB/kUK/2ArQD2xt5Lo2WU=
89,-12,fURb+m7+xlKqRb8iMLA62oEpZ5k=,zpSntKjB/kUK/2ArQD2xt5Lo2WU=
88,-12,fURb+m7+xlKqRb8iMLA62oEpZ5k=,zpSntKjB/kUK/2ArQD2xt5Lo2WU=
86,-12,fURb+m7+xlKqRb8iMLA62oEpZ5k=,zpSntKjB/kUK/2ArQD2xt5Lo2WU=
87,-12,fURb+m7+xlKqRb8iMLA62oEpZ5k=,zpSntKjB/kUK/2ArQD2xt5Lo2WU=
85,-12,fURb+m7+xlKqRb8iMLA62oEpZ5k=,zpSntKjB/kUK/2ArQD2xt5Lo2WU=
84,-12,fURb+m7+xlKqRb8iMLA62oEpZ5k=,zpSntKjB/kUK/2ArQD2xt5Lo2WU=
88,-16,fURb+m7+xlKqRb8iMLA62oEpZ5k=,zpSntKjB/kUK/2ArQD2xt5Lo2WU=
81,-12,fURb+m7+xlKqRb8iMLA62oEpZ5k=,zpSntKjB/kUK/2ArQD2xt5Lo2WU=
80,-12,fURb+m7+xlKqRb8iMLA62oEpZ5k=,zpSntKjB/kUK/2ArQD2xt5Lo2WU=
95,-13,fURb+m7+xlKqRb8iMLA62oEpZ5k=,zpSntKjB/kUK/2ArQD2xt5Lo2WU=
94,-13,fURb+m7+xlKqRb8iMLA62oEpZ5k=,zpSntKjB/kUK/2ArQD2xt5Lo2WU=
93,-13,fURb+m7+xlKqRb8iMLA62oEpZ5k=,zpSntKjB/kUK/2ArQD2xt5Lo2WU=
92,-13,fURb+m7+xlKqRb8iMLA62oEpZ5k=,zpSntKjB/kUK/2ArQD2xt5Lo2WU=
91,-13,fURb+m7+xlKqRb8iMLA62oEpZ5k=,zpSntKjB/kUK/2ArQD2xt5Lo2WU=
90,-13,fURb+m7+xlKqRb8iMLA62oEpZ5k=,zpSntKjB/kUK/2ArQD2xt5Lo2WU=
82,-10,fURb+m7+xlKqRb8iMLA62oEpZ5k=,zpSntKjB/kUK/2ArQD2xt5Lo2WU=
88,-13,fURb+m7+xlKqRb8iMLA62oEpZ5k=,zpSntKjB/kUK/2ArQD2xt5Lo2WU=
89,-13,fURb+m7+xlKqRb8iMLA62oEpZ5k=,zpSntKjB/kUK/2ArQD2xt5Lo2WU=
89,-16,fURb+m7+xlKqRb8iMLA62oEpZ5k=,zpSntKjB/kUK/2ArQD2xt5Lo2WU=
94,-16,fURb+m7+xlKqRb8iMLA62oEpZ5k=,zpSntKjB/kUK/2ArQD2xt5Lo2WU=
84,-13,fURb+m7+xlKqRb8iMLA62oEpZ5k=,zpSntKjB/kUK/2ArQD2xt5Lo2WU=
81,-15,fURb+m7+xlKqRb8iMLA62oEpZ5k=,zpSntKjB/kUK/2ArQD2xt5Lo2WU=
87,-16,fURb+m7+xlKqRb8iMLA62oEpZ5k=,zpSntKjB/kUK/2ArQD2xt5Lo2WU=
82,-11,fURb+m7+xlKqRb8iMLA62oEpZ5k=,zpSntKjB/kUK/2ArQD2xt5Lo2WU=
83,-11,fURb+m7+xlKqRb8iMLA62oEpZ5k=,zpSntKjB/kUK/2ArQD2xt5Lo2WU=
87,-13,fURb+m7+xlKqRb8iMLA62oEpZ5k=,zpSntKjB/kUK/2ArQD2xt5Lo2WU=
95,-14,fURb+m7+xlKqRb8iMLA62oEpZ5k=,zpSntKjB/kUK/2ArQD2xt5Lo2WU=
94,-14,fURb+m7+xlKqRb8iMLA62oEpZ5k=,zpSntKjB/kUK/2ArQD2xt5Lo2WU=
93,-14,fURb+m7+xlKqRb8iMLA62oEpZ5k=,zpSntKjB/kUK/2ArQD2xt5Lo2WU=
92,-14,fURb+m7+xlKqRb8iMLA62oEpZ5k=,zpSntKjB/kUK/2ArQD2xt5Lo2WU=
91,-14,fURb+m7+xlKqRb8iMLA62oEpZ5k=,zpSntKjB/kUK/2ArQD2xt5Lo2WU=
90,-14,fURb+m7+xlKqRb8iMLA62oEpZ5k=,zpSntKjB/kUK/2ArQD2xt5Lo2WU=
89,-14,fURb+m7+xlKqRb8iMLA62oEpZ5k=,zpSntKjB/kUK/2ArQD2xt5Lo2WU=
88,-14,fURb+m7+xlKqRb8iMLA62oEpZ5k=,zpSntKjB/kUK/2ArQD2xt5Lo2WU=
80,-11,fURb+m7+xlKqRb8iMLA62oEpZ5k=,zpSntKjB/kUK/2ArQD2xt5Lo2WU=
81,-13,fURb+m7+xlKqRb8iMLA62oEpZ5k=,zpSntKjB/kUK/2ArQD2xt5Lo2WU=
82,-12,fURb+m7+xlKqRb8iMLA62oEpZ5k=,zpSntKjB/kUK/2ArQD2xt5Lo2WU=
83,-13,fURb+m7+xlKqRb8iMLA62oEpZ5k=,zpSntKjB/kUK/2ArQD2xt5Lo2WU=
82,-13,fURb+m7+xlKqRb8iMLA62oEpZ5k=,zpSntKjB/kUK/2ArQD2xt5Lo2WU=
82,-15,fURb+m7+xlKqRb8iMLA62oEpZ5k=,zpSntKjB/kUK/2ArQD2xt5Lo2WU=
83,-15,fURb+m7+xlKqRb8iMLA62oEpZ5k=,zpSntKjB/kUK/2ArQD2xt5Lo2WU=
83,-12,fURb+m7+xlKqRb8iMLA62oEpZ5k=,zpSntKjB/kUK/2ArQD2xt5Lo2WU=
86,-13,fURb+m7+xlKqRb8iMLA62oEpZ5k=,zpSntKjB/kUK/2ArQD2xt5Lo2WU=
80,-13,fURb+m7+xlKqRb8iMLA62oEpZ5k=,zpSntKjB/kUK/2ArQD2xt5Lo2WU=
95,-15,fURb+m7+xlKqRb8iMLA62oEpZ5k=,zpSntKjB/kUK/2ArQD2xt5Lo2WU=
85,-13,fURb+m7+xlKqRb8iMLA62oEpZ5k=,zpSntKjB/kUK/2ArQD2xt5Lo2WU=
93,-15,fURb+m7+xlKqRb8iMLA62oEpZ5k=,zpSntKjB/kUK/2ArQD2xt5Lo2WU=
92,-15,fURb+m7+xlKqRb8iMLA62oEpZ5k=,zpSntKjB/kUK/2ArQD2xt5Lo2WU=
84,-15,fURb+m7+xlKqRb8iMLA62oEpZ5k=,zpSntKjB/kUK/2ArQD2xt5Lo2WU=
81,-14,fURb+m7+xlKqRb8iMLA62oEpZ5k=,zpSntKjB/kUK/2ArQD2xt5Lo2WU=
90,-15,fURb+m7+xlKqRb8iMLA62oEpZ5k=,zpSntKjB/kUK/2ArQD2xt5Lo2WU=
89,-15,fURb+m7+xlKqRb8iMLA62oEpZ5k=,zpSntKjB/kUK/2ArQD2xt5Lo2WU=
83,-14,fURb+m7+xlKqRb8iMLA62oEpZ5k=,zpSntKjB/kUK/2ArQD2xt5Lo2WU=
87,-15,fURb+m7+xlKqRb8iMLA62oEpZ5k=,zpSntKjB/kUK/2ArQD2xt5Lo2WU=
86,-14,fURb+m7+xlKqRb8iMLA62oEpZ5k=,zpSntKjB/kUK/2ArQD2xt5Lo2WU=
86,-15,fURb+m7+xlKqRb8iMLA62oEpZ5k=,zpSntKjB/kUK/2ArQD2xt5Lo2WU=
82,-14,fURb+m7+xlKqRb8iMLA62oEpZ5k=,zpSntKjB/kUK/2ArQD2xt5Lo2WU=
84,-14,fURb+m7+xlKqRb8iMLA62oEpZ5k=,zpSntKjB/kUK/2ArQD2xt5Lo2WU=
80,-14,fURb+m7+xlKqRb8iMLA62oEpZ5k=,zpSntKjB/kUK/2ArQD2xt5Lo2WU=
85,-14,fURb+m7+xlKqRb8iMLA62oEpZ5k=,zpSntKjB/kUK/2ArQD2xt5Lo2WU=
87,-14,fURb+m7+xlKqRb8iMLA62oEpZ5k=,zpSntKjB/kUK/2ArQD2xt5Lo2WU=
85,-15,fURb+m7+xlKqRb8iMLA62oEpZ5k=,zpSntKjB/kUK/2ArQD2xt5Lo2WU=
94,-15,fURb+m7+xlKqRb8iMLA62oEpZ5k=,zpSntKjB/kUK/2ArQD2xt5Lo2WU=
88,-15,fURb+m7+xlKqRb8iMLA62oEpZ5k=,zpSntKjB/kUK/2ArQD2xt5Lo2WU=
91,-15,fURb+m7+xlKqRb8iMLA62oEpZ5k=,zpSntKjB/kUK/2ArQD2xt5Lo2WU=
